COUNTRY	ISO3	Human	Development & Deprivation	Inequality	Uprooted people	Institutional	Conflict Risk	Institutional Risk	development threshold	inequality threshold	uprooted threshold	Socio-economic mean	Socio-economic Risk	fatalities	1	2	3	4	5	6	7	8	9	10	Event Count	Sector_1_Percentage	Sector_2_Percentage	Sector_3_Percentage	Sector_4_Percentage	Sector_5_Percentage	Sector_6_Percentage	Sector_7_Percentage	Sector_8_Percentage	Sector_9_Percentage	Sector_10_Percentage	_GlobalShare_1	_GlobalShare_2	_GlobalShare_3	_GlobalShare_4	_GlobalShare_5	_GlobalShare_6	_GlobalShare_7	_GlobalShare_8	_GlobalShare_9	_GlobalShare_10	_WeightedIndex_1	_WeightedIndex_2	_WeightedIndex_3	_WeightedIndex_4	_WeightedIndex_5	_WeightedIndex_6	_WeightedIndex_7	_WeightedIndex_8	_WeightedIndex_9	_WeightedIndex_10	Sector_1_Risk	Sector_2_Risk	Sector_3_Risk	Sector_4_Risk	Sector_5_Risk	Sector_6_Risk	Sector_7_Risk	Sector_8_Risk	Sector_9_Risk	Sector_10_Risk	Sector_1_sd	Sector_2_sd	Sector_3_sd	Sector_4_sd	Sector_5_sd	Sector_6_sd	Sector_7_sd	Sector_8_sd	Sector_9_sd	Sector_10_sd	Aggregate Exposure Sector_1_Risk	Aggregate Exposure Sector_1_Risk Category	Aggregate Exposure Sector_2_Risk	Aggregate Exposure Sector_2_Risk Category	Aggregate Exposure Sector_3_Risk	Aggregate Exposure Sector_3_Risk Category	Aggregate Exposure Sector_4_Risk	Aggregate Exposure Sector_4_Risk Category	Aggregate Exposure Sector_5_Risk	Aggregate Exposure Sector_5_Risk Category	Aggregate Exposure Sector_6_Risk	Aggregate Exposure Sector_6_Risk Category	Aggregate Exposure Sector_7_Risk	Aggregate Exposure Sector_7_Risk Category	Aggregate Exposure Sector_8_Risk	Aggregate Exposure Sector_8_Risk Category	Aggregate Exposure Sector_9_Risk	Aggregate Exposure Sector_9_Risk Category	Aggregate Exposure Sector_10_Risk	Aggregate Exposure Sector_10_Risk Category
Afghanistan	AFG	8.8	8.9	8.9	10.0	7.4	High	High	3	3	3	3.0	High	80316	342	142	45	276	229	79	115	102	178	81	24710	1.38	0.57	0.18	1.12	0.93	0.32	0.47	0.41	0.72	0.33	3.23	1.0	1.29	1.88	0.86	1.29	1.23	1.34	1.98	1.16	58.76	21.19	11.15	41.12	28.73	15.55	19.5	18.43	30.29	15.35	High	Medium	Medium	High	Medium	Medium	Medium	Medium	High	Medium	Below Average	Below Average	Average	Below Average	Below Average	Average	Below Average	Below Average	Average	Average	12	High	12	High	12	High	12	High	12	High	12	High	12	High	12	High	12	High	12	High
Albania	ALB	0.1	1.9	1.3	3.4	5.6	Low	Medium	1	1	2	1.3333333333333333	Medium	3	5	0	1	0	3	0	0	0	1	0	91	5.49	0.0	1.1	0.0	3.3	0.0	0.0	0.0	1.1	0.0	0.05	0.0	0.03	0.0	0.01	0.0	0.0	0.0	0.01	0.0	6.39	1.0	2.08	1.0	4.17	1.0	1.0	1.0	2.06	1.0	Low	Low	Low	Low	Low	Low	Low	Low	Low	Low	Average	Below Average	Average	Below Average	Average	Below Average	Below Average	Below Average	Average	Average	6	Low	6	Low	6	Low	6	Low	6	Low	6	Low	6	Low	6	Low	6	Low	6	Low
Algeria	DZA	0.9	2.9	3.4	5.3	4.9	Low	Medium	1	1	3	1.6666666666666667	Medium	133	13	6	35	15	72	5	8	4	1	4	432	3.01	1.39	8.1	3.47	16.67	1.16	1.85	0.93	0.23	0.93	0.12	0.04	1.0	0.1	0.27	0.08	0.09	0.05	0.01	0.06	7.93	4.17	25.6	8.87	40.47	3.74	5.29	3.18	1.58	3.2	Low	Low	High	Low	High	Low	Low	Low	Low	Low	Average	Average	Above Average	Average	Above Average	Average	Average	Average	Average	Average	6	Low	6	Low	10	High	6	Low	10	Medium	6	Low	6	Low	6	Low	6	Low	6	Low
Angola	AGO	2.0	8.0	6.8	4.7	6.1	Low	Medium	3	3	3	3.0	High	428	30	12	2	12	39	12	9	12	8	9	420	7.14	2.86	0.48	2.86	9.29	2.86	2.14	2.86	1.9	2.14	0.28	0.08	0.06	0.08	0.15	0.2	0.1	0.16	0.09	0.13	17.97	7.36	2.17	7.36	21.76	7.76	5.88	7.63	5.33	5.96	Medium	Low	Low	Low	Medium	Low	Low	Low	Low	Low	Average	Average	Average	Average	Average	Average	Average	Average	Average	Average	9	Medium	7	Medium	7	Medium	7	Medium	9	Medium	7	Medium	7	Medium	7	Medium	7	Medium	7	Medium
Antigua and Barbuda	ATG	0.0	1.5		0.0	5.4	Low	Medium	1	3	1	1.6666666666666667	Medium	6	4	0	0	1	0	0	0	0	0	0	14	28.57	0.0	0.0	7.14	0.0	0.0	0.0	0.0	0.0	0.0	0.04	0.0	0.0	0.01	0.0	0.0	0.0	0.0	0.0	0.0	12.4	1.0	1.0	4.05	1.0	1.0	1.0	1.0	1.0	1.0	High	Low	Low	Medium	Low	Low	Low	Low	Low	Low	Above Average	Below Average	Below Average	Above Average	Below Average	Below Average	Below Average	Below Average	Below Average	Average	10	Medium	6	Low	6	Low	8	Medium	6	Low	6	Low	6	Low	6	Low	6	Low	6	Low
Argentina	ARG	0.2	0.8	3.9	6.3	4.9	Low	Medium	1	2	3	2.0	Medium	66	84	44	22	61	45	24	48	33	27	21	932	9.01	4.72	2.36	6.55	4.83	2.58	5.15	3.54	2.9	2.25	0.79	0.31	0.63	0.42	0.17	0.39	0.51	0.43	0.3	0.3	39.03	18.36	11.22	25.78	17.71	11.15	21.33	14.86	11.91	9.64	High	Medium	High	High	Medium	Medium	High	High	Medium	Low	Average	Average	Above Average	Above Average	Average	Average	Above Average	Above Average	Average	Average	10	Medium	8	Medium	10	High	10	Medium	8	Medium	8	Medium	10	Medium	10	Medium	8	Medium	6	Low
Armenia	ARM	3.2	1.2	1.7	8.0	6.5	Medium	Medium	1	1	3	1.6666666666666667	Medium	296	4	5	3	3	2	0	0	0	1	0	1733	0.23	0.29	0.17	0.17	0.12	0.0	0.0	0.0	0.06	0.0	0.04	0.04	0.09	0.02	0.01	0.0	0.0	0.0	0.01	0.0	2.53	2.84	2.26	2.18	1.84	1.0	1.0	1.0	1.46	1.0	Low	Low	Low	Low	Low	Low	Low	Low	Low	Low	Below Average	Below Average	Average	Below Average	Below Average	Below Average	Below Average	Below Average	Below Average	Average	8	Medium	8	Medium	8	Medium	8	Medium	8	Medium	8	Medium	8	Medium	8	Medium	8	Medium	8	Medium
Azerbaijan	AZE	8.7	2.8	4.4	9.2	6.4	High	Medium	1	2	3	2.0	Medium	7727	7	10	2	5	3	1	2	4	3	1	5468	0.13	0.18	0.04	0.09	0.05	0.02	0.04	0.07	0.05	0.02	0.07	0.07	0.06	0.03	0.01	0.02	0.02	0.05	0.03	0.01	3.11	3.73	1.82	2.6	2.06	1.44	1.78	2.37	2.08	1.44	Low	Low	Low	Low	Low	Low	Low	Low	Low	Low	Below Average	Below Average	Below Average	Below Average	Below Average	Below Average	Below Average	Below Average	Below Average	Average	8	Medium	8	Medium	8	Medium	8	Medium	8	Medium	8	Medium	8	Medium	8	Medium	8	Medium	8	Medium
Bahamas	BHS	0.1	1.6	4.4	1.9	3.9	Low	Medium	1	2	1	1.3333333333333333	Medium	6	1	0	1	0	41	0	0	0	0	0	59	1.69	0.0	1.69	0.0	69.49	0.0	0.0	0.0	0.0	0.0	0.01	0.0	0.03	0.0	0.15	0.0	0.0	0.0	0.0	0.0	2.33	1.0	2.35	1.0	58.35	1.0	1.0	1.0	1.0	1.0	Low	Low	Low	Low	High	Low	Low	Low	Low	Low	Average	Below Average	Average	Below Average	Above Average	Below Average	Below Average	Below Average	Below Average	Average	6	Low	6	Low	6	Low	6	Low	10	Medium	6	Low	6	Low	6	Low	6	Low	6	Low
Bahrain	BHR	0.2	0.2	2.4	1.2	4.3	Low	Medium	1	1	1	1.0	Low	0	20	32	2	8	1	2	0	0	7	1	516	3.88	6.2	0.39	1.55	0.19	0.39	0.0	0.0	1.36	0.19	0.19	0.23	0.06	0.05	0.0	0.03	0.0	0.0	0.08	0.01	11.04	17.1	2.1	4.91	1.54	2.07	1.0	1.0	4.52	1.55	Medium	High	Low	Low	Low	Low	Low	Low	Low	Low	Average	Above Average	Average	Below Average	Below Average	Average	Below Average	Below Average	Average	Average	7	Low	9	Medium	5	Low	5	Low	5	Low	5	Low	5	Low	5	Low	5	Low	5	Low
Bangladesh	BGD	3.5	6.3	4.4	8.1	5.1	Medium	Medium	3	2	3	2.6666666666666665	High	2168	142	361	28	386	412	272	276	278	151	268	5596	2.54	6.45	0.5	6.9	7.36	4.86	4.93	4.97	2.7	4.79	1.34	2.54	0.8	2.63	1.56	4.44	2.94	3.65	1.68	3.85	34.42	97.71	8.85	105.35	94.02	93.29	80.45	88.01	38.82	86.91	High	High	Low	High	High	High	High	High	High	High	Average	Above Average	Average	Above Average	Average	Above Average	Above Average	Above Average	Average	Above Average	11	High	11	High	9	Medium	11	High	11	High	11	High	11	High	11	High	11	High	11	High
Barbados	BRB	0.0	2.6	3.9	0.8	3.2	Low	Medium	1	2	1	1.3333333333333333	Medium	2	1	0	0	0	0	0	0	0	0	0	6	16.67	0.0	0.0	0.0	0.0	0.0	0.0	0.0	0.0	0.0	0.01	0.0	0.0	0.0	0.0	0.0	0.0	0.0	0.0	0.0	5.97	1.0	1.0	1.0	1.0	1.0	1.0	1.0	1.0	1.0	Low	Low	Low	Low	Low	Low	Low	Low	Low	Low	Average	Below Average	Below Average	Below Average	Below Average	Below Average	Below Average	Below Average	Below Average	Average	6	Low	6	Low	6	Low	6	Low	6	Low	6	Low	6	Low	6	Low	6	Low	6	Low
Belize	BLZ	0.1	4.3	6.1	5.5	5.7	Low	Medium	2	3	3	2.6666666666666665	High	243	13	6	3	12	32	4	4	4	13	4	514	2.53	1.17	0.58	2.33	6.23	0.78	0.78	0.78	2.53	0.78	0.12	0.04	0.09	0.08	0.12	0.07	0.04	0.05	0.14	0.06	7.44	3.97	2.62	6.84	16.35	3.09	3.04	3.06	7.51	3.07	Low	Low	Low	Low	Medium	Low	Low	Low	Low	Low	Average	Average	Average	Average	Average	Average	Below Average	Average	Average	Average	7	Low	7	Medium	7	Medium	7	Medium	9	Medium	7	Medium	7	Medium	7	Medium	7	Medium	7	Medium
Benin	BEN	4.7	8.8	5.6	4.1	5.5	Medium	Medium	3	3	2	2.6666666666666665	High	771	8	129	1	40	95	29	29	31	2	28	1215	0.66	10.62	0.08	3.29	7.82	2.39	2.39	2.55	0.16	2.3	0.08	0.91	0.03	0.27	0.36	0.47	0.31	0.41	0.02	0.4	4.02	53.71	1.49	14.95	33.93	12.23	11.54	12.66	1.88	11.57	Low	High	Low	Medium	High	Medium	Medium	Medium	Low	Medium	Below Average	Above Average	Average	Average	Average	Average	Average	Average	Average	Average	9	Medium	11	High	9	Medium	9	Medium	11	High	9	Medium	9	Medium	9	Medium	9	Medium	9	Medium
Bhutan	BTN	0.1	4.4	2.7	0.0	4.1	Low	Medium	2	1	1	1.3333333333333333	Medium	0	1	0	0	0	0	0	0	0	0	0	9	11.11	0.0	0.0	0.0	0.0	0.0	0.0	0.0	0.0	0.0	0.01	0.0	0.0	0.0	0.0	0.0	0.0	0.0	0.0	0.0	4.95	1.0	1.0	1.0	1.0	1.0	1.0	1.0	1.0	1.0	Low	Low	Low	Low	Low	Low	Low	Low	Low	Low	Average	Below Average	Below Average	Below Average	Below Average	Below Average	Below Average	Below Average	Below Average	Average	6	Low	6	Low	6	Low	6	Low	6	Low	6	Low	6	Low	6	Low	6	Low	6	Low
Bolivia	BOL	0.3	5.0	4.8	3.8	6.1	Low	Medium	2	2	2	2.0	Medium	53	79	38	14	48	59	31	29	42	16	31	745	10.6	5.1	1.88	6.44	7.92	4.16	3.89	5.64	2.15	4.16	0.75	0.27	0.4	0.33	0.22	0.51	0.31	0.55	0.18	0.45	40.3	17.38	7.78	22.02	25.55	15.79	13.86	21.04	7.95	15.47	High	High	Medium	High	Medium	High	High	High	Low	High	Average	Above Average	Above Average	Above Average	Average	Above Average	Above Average	Above Average	Average	Above Average	10	Medium	10	Medium	8	Medium	10	Medium	8	Medium	10	Medium	10	Medium	10	Medium	6	Low	10	High
Bosnia and Herzegovina	BIH	0.1	2.9	2.0	7.0	6.8	Low	Medium	1	1	3	1.6666666666666667	Medium	15	2	0	0	2	9	0	2	0	0	0	71	2.82	0.0	0.0	2.82	12.68	0.0	2.82	0.0	0.0	0.0	0.02	0.0	0.0	0.01	0.03	0.0	0.02	0.0	0.0	0.0	3.42	1.0	1.0	3.4	11.87	1.0	3.42	1.0	1.0	1.0	Low	Low	Low	Low	High	Low	Low	Low	Low	Low	Average	Below Average	Below Average	Average	Above Average	Below Average	Average	Below Average	Below Average	Average	6	Low	6	Low	6	Low	6	Low	10	Medium	6	Low	6	Low	6	Low	6	Low	6	Low
Botswana	BWA	0.1	5.6	6.8	1.2	4.9	Low	Medium	3	3	1	2.333333333333333	High	18	2	3	0	1	0	1	1	0	0	1	43	4.65	6.98	0.0	2.33	0.0	2.33	2.33	0.0	0.0	2.33	0.02	0.02	0.0	0.01	0.0	0.02	0.01	0.0	0.0	0.01	4.16	5.71	1.0	2.59	1.0	2.61	2.59	1.0	1.0	2.59	Low	Medium	Low	Low	Low	Low	Low	Low	Low	Low	Average	Above Average	Below Average	Average	Below Average	Average	Average	Below Average	Below Average	Average	7	Low	9	Medium	7	Medium	7	Medium	7	Medium	7	Medium	7	Medium	7	Medium	7	Medium	7	Medium
Brazil	BRA	9.9	3.7	6.0	6.8	5.3	High	Medium	2	3	3	2.6666666666666665	High	31745	231	103	159	1130	922	95	141	131	1077	98	44482	0.52	0.23	0.36	2.54	2.07	0.21	0.32	0.29	2.42	0.22	2.18	0.73	4.56	7.71	3.48	1.55	1.5	1.72	12.0	1.41	33.49	14.88	34.78	186.74	112.67	17.21	21.65	21.52	218.92	17.06	High	Medium	High	High	High	Medium	Medium	Medium	High	Medium	Below Average	Below Average	Average	Average	Below Average	Below Average	Below Average	Below Average	Average	Average	11	High	11	High	11	High	11	High	11	High	11	High	11	High	11	High	11	High	11	High
Brunei Darussalam	BRN	0.0	1.5	3.7	6.3	4.6	Low	Medium	1	2	3	2.0	Medium	0	1	0	0	0	0	0	0	0	0	0	1	100.0	0.0	0.0	0.0	0.0	0.0	0.0	0.0	0.0	0.0	0.01	0.0	0.0	0.0	0.0	0.0	0.0	0.0	0.0	0.0	14.28	1.0	1.0	1.0	1.0	1.0	1.0	1.0	1.0	1.0	High	Low	Low	Low	Low	Low	Low	Low	Low	Low	Above Average	Below Average	Below Average	Below Average	Below Average	Below Average	Below Average	Below Average	Below Average	Average	10	Medium	6	Low	6	Low	6	Low	6	Low	6	Low	6	Low	6	Low	6	Low	6	Low
Burkina Faso	BFA	10.0	9.2	5.4	9.8	4.8	High	Medium	3	2	3	2.6666666666666665	High	24766	46	667	41	334	133	16	49	32	32	15	8796	0.52	7.58	0.47	3.8	1.51	0.18	0.56	0.36	0.36	0.17	0.43	4.7	1.18	2.28	0.5	0.26	0.52	0.42	0.36	0.22	10.11	180.75	11.6	72.62	22.46	5.03	10.89	7.98	7.81	4.78	Medium	High	Medium	High	Medium	Low	Medium	Low	Low	Low	Below Average	Above Average	Average	Average	Below Average	Below Average	Below Average	Below Average	Average	Average	11	High	11	High	11	High	11	High	11	High	9	Medium	11	High	9	Medium	9	Medium	9	Medium
Burundi	BDI	6.5	9.7	4.9	6.3	6.2	Medium	Medium	3	2	3	2.6666666666666665	High	1240	25	43	0	45	97	34	33	36	5	36	2264	1.1	1.9	0.0	1.99	4.28	1.5	1.46	1.59	0.22	1.59	0.24	0.3	0.0	0.31	0.37	0.55	0.35	0.47	0.06	0.52	8.23	12.88	1.0	13.42	26.63	11.65	10.63	11.87	2.79	12.07	Low	Medium	Low	Medium	Medium	Medium	Medium	Medium	Low	Medium	Below Average	Average	Below Average	Average	Average	Average	Average	Average	Average	Average	9	Medium	9	Medium	9	Medium	9	Medium	9	Medium	9	Medium	9	Medium	9	Medium	9	Medium	9	Medium
Cabo Verde	CPV	0.1	4.8	4.4	1.1	3.9	Low	Medium	2	2	1	1.6666666666666667	Medium	0	1	0	0	0	0	0	0	0	0	0	19	5.26	0.0	0.0	0.0	0.0	0.0	0.0	0.0	0.0	0.0	0.01	0.0	0.0	0.0	0.0	0.0	0.0	0.0	0.0	0.0	3.56	1.0	1.0	1.0	1.0	1.0	1.0	1.0	1.0	1.0	Low	Low	Low	Low	Low	Low	Low	Low	Low	Low	Average	Below Average	Below Average	Below Average	Below Average	Below Average	Below Average	Below Average	Below Average	Average	6	Low	6	Low	6	Low	6	Low	6	Low	6	Low	6	Low	6	Low	6	Low	6	Low
Cambodia	KHM	0.3	6.4	6.5	5.5	6.8	Low	Medium	3	3	3	3.0	High	16	3	3	0	5	7	4	3	3	3	4	67	4.48	4.48	0.0	7.46	10.45	5.97	4.48	4.48	4.48	5.97	0.03	0.02	0.0	0.03	0.03	0.07	0.03	0.04	0.03	0.06	4.75	4.73	1.0	7.23	9.71	6.11	4.75	4.77	4.75	6.08	Low	Low	Low	Medium	Medium	Medium	Medium	Medium	Medium	Medium	Average	Average	Below Average	Above Average	Above Average	Above Average	Above Average	Above Average	Above Average	Above Average	7	Low	7	Medium	7	Medium	9	Medium	9	Medium	9	Medium	9	Medium	9	Medium	9	Medium	9	Medium
Cameroon	CMR	9.2	7.8	5.9	9.3	4.9	High	Medium	3	3	3	3.0	High	7514	75	686	12	136	245	36	46	84	65	30	9168	0.82	7.48	0.13	1.48	2.67	0.39	0.5	0.92	0.71	0.33	0.71	4.83	0.34	0.93	0.92	0.59	0.49	1.1	0.72	0.43	15.38	184.29	4.44	25.61	41.63	9.04	10.25	18.51	13.93	7.68	Medium	High	Low	Medium	High	Low	Medium	Medium	Medium	Low	Below Average	Above Average	Average	Below Average	Average	Average	Below Average	Average	Average	Average	11	High	11	High	9	Medium	11	High	11	High	9	Medium	11	High	11	High	11	High	9	Medium
Central African Republic	CAF	8.9	10.0	6.8	9.6	8.0	High	High	3	3	3	3.0	High	4208	16	63	0	12	146	5	7	7	9	4	2611	0.61	2.41	0.0	0.46	5.59	0.19	0.27	0.27	0.34	0.15	0.15	0.44	0.0	0.08	0.55	0.08	0.07	0.09	0.1	0.06	5.61	17.73	1.0	4.53	38.75	2.78	3.3	3.33	3.84	2.47	Low	Medium	Low	Low	High	Low	Low	Low	Low	Low	Below Average	Average	Below Average	Below Average	Average	Below Average	Below Average	Below Average	Average	Average	10	Medium	12	High	10	High	10	Medium	12	High	10	Medium	10	Medium	10	Medium	10	High	10	High
Chad	TCD	8.3	10.0	6.0	9.8	7.9	High	High	3	3	3	3.0	High	3063	10	61	9	30	97	19	22	21	3	19	718	1.39	8.5	1.25	4.18	13.51	2.65	3.06	2.92	0.42	2.65	0.09	0.43	0.26	0.2	0.37	0.31	0.23	0.28	0.03	0.27	5.35	29.02	5.32	13.88	44.14	9.78	10.72	10.51	2.42	9.63	Low	High	Low	Medium	High	Low	Medium	High	Low	Low	Below Average	Above Average	Average	Average	Above Average	Average	Average	Above Average	Average	Average	10	Medium	12	High	10	High	12	High	12	High	10	Medium	12	High	12	High	10	High	10	High
Chile	CHL	0.1	0.8	3.5	7.9	3.5	Low	Medium	1	2	3	2.0	Medium	85	392	147	135	239	276	99	123	268	100	987	3444	11.38	4.27	3.92	6.94	8.01	2.87	3.57	7.78	2.9	28.66	3.7	1.04	3.87	1.63	1.04	1.61	1.31	3.52	1.11	14.18	151.22	39.89	57.08	70.79	71.35	31.78	36.18	103.32	28.83	666.96	High	High	High	High	High	High	High	High	Medium	High	Average	Average	Above Average	Above Average	Average	Average	Above Average	Above Average	Average	Above Average	10	Medium	10	Medium	10	High	10	Medium	10	Medium	10	Medium	10	Medium	10	Medium	8	Medium	10	High
China	CHN	0.9	3.4	2.8	0.0	3.7	Low	Medium	1	1	1	1.0	Low	45	294	52	27	69	87	39	43	45	27	34	1761	16.7	2.95	1.53	3.92	4.94	2.21	2.44	2.56	1.53	1.93	2.77	0.37	0.77	0.47	0.33	0.64	0.46	0.59	0.3	0.49	140.3	16.94	11.2	22.5	26.37	14.51	14.87	16.14	9.6	12.36	High	Medium	Medium	Medium	Medium	Medium	Medium	Medium	Low	Medium	Average	Average	Average	Average	Average	Average	Average	Average	Average	Average	9	Medium	7	Medium	7	Medium	7	Medium	7	Medium	7	Medium	7	Medium	7	Medium	5	Low	7	Medium
Colombia	COL	9.0	3.9	6.3	10.0	4.3	High	Medium	2	3	3	2.6666666666666665	High	9460	256	176	38	265	463	146	223	237	215	208	14585	1.76	1.21	0.26	1.82	3.17	1.0	1.53	1.62	1.47	1.43	2.42	1.24	1.09	1.81	1.75	2.38	2.38	3.11	2.4	2.99	49.25	29.6	10.13	45.91	72.94	31.52	43.77	50.62	42.59	45.02	High	Medium	Medium	High	High	High	High	High	High	High	Average	Average	Average	Average	Average	Average	Average	Average	Average	Average	11	High	11	High	11	High	11	High	11	High	11	High	11	High	11	High	11	High	11	High
Comoros	COM	0.1	7.5	5.1	0.0	8.0	Low	High	3	2	1	2.0	Medium	7	1	0	0	2	3	0	1	0	2	0	92	1.09	0.0	0.0	2.17	3.26	0.0	1.09	0.0	2.17	0.0	0.01	0.0	0.0	0.01	0.01	0.0	0.01	0.0	0.02	0.0	2.05	1.0	1.0	3.1	4.15	1.0	2.05	1.0	3.11	1.0	Low	Low	Low	Low	Low	Low	Low	Low	Low	Low	Below Average	Below Average	Below Average	Average	Average	Below Average	Average	Below Average	Average	Average	7	Low	7	Medium	7	Medium	7	Medium	7	Medium	7	Medium	7	Medium	7	Medium	7	Medium	7	Medium
Congo	COG	0.6	6.9	6.8	6.2	7.8	Low	High	3	3	3	3.0	High	37	2	3	0	2	7	2	3	2	0	2	54	3.7	5.56	0.0	3.7	12.96	3.7	5.56	3.7	0.0	3.7	0.02	0.02	0.0	0.01	0.03	0.03	0.03	0.03	0.0	0.03	3.79	5.17	1.0	3.77	10.73	3.81	5.2	3.81	1.0	3.81	Low	Medium	Low	Low	High	Medium	Medium	Medium	Low	Medium	Average	Above Average	Below Average	Average	Above Average	Above Average	Above Average	Above Average	Below Average	Above Average	8	Medium	10	Medium	8	Medium	8	Medium	12	High	10	Medium	10	Medium	10	Medium	8	Medium	10	High
Congo DR	COD	10.0	8.9	6.5	9.6	7.9	High	High	3	3	3	3.0	High	26408	129	506	17	220	1221	143	165	150	54	133	15632	0.83	3.24	0.11	1.41	7.81	0.91	1.06	0.96	0.35	0.85	1.22	3.56	0.49	1.5	4.61	2.33	1.76	1.97	0.6	1.91	22.98	99.01	5.46	36.49	245.76	30.26	30.72	29.65	10.9	26.86	Medium	High	Low	High	High	High	High	Medium	Medium	Medium	Below Average	Average	Average	Below Average	Average	Average	Average	Average	Average	Average	12	High	12	High	10	High	12	High	12	High	12	High	12	High	12	High	12	High	12	High
Costa Rica	CRI	0.1	1.5	4.4	8.3	3.1	Low	Medium	1	2	3	2.0	Medium	29	13	5	0	8	20	8	5	7	4	4	170	7.65	2.94	0.0	4.71	11.76	4.71	2.94	4.12	2.35	2.35	0.12	0.04	0.0	0.05	0.08	0.13	0.05	0.09	0.04	0.06	11.65	4.96	1.0	7.35	17.01	7.62	4.98	6.68	4.17	4.21	Medium	Low	Low	Low	High	Medium	Low	Medium	Low	Low	Average	Average	Below Average	Average	Above Average	Above Average	Average	Above Average	Average	Average	8	Medium	6	Low	6	Low	6	Low	10	Medium	8	Medium	6	Low	8	Medium	6	Low	6	Low
CÃ´te d'Ivoire	CIV	0.3	8.1	5.4	8.8	6.9	Low	Medium	3	2	3	2.6666666666666665	High	248	22	32	4	38	44	26	25	23	11	24	721	3.05	4.44	0.55	5.27	6.1	3.61	3.47	3.19	1.53	3.33	0.21	0.23	0.11	0.26	0.17	0.42	0.27	0.3	0.12	0.34	10.62	14.86	2.93	17.55	19.33	13.29	12.15	11.43	5.83	12.04	Medium	Medium	Low	Medium	Medium	High	High	High	Low	High	Average	Average	Average	Average	Average	Above Average	Above Average	Above Average	Average	Above Average	9	Medium	9	Medium	7	Medium	9	Medium	9	Medium	11	High	11	High	11	High	7	Medium	11	High
Cuba	CUB	0.1	2.2	4.0	0.0	4.2	Low	Medium	1	2	1	1.3333333333333333	Medium	15	21	29	3	10	19	0	15	0	1	0	623	3.37	4.65	0.48	1.61	3.05	0.0	2.41	0.0	0.16	0.0	0.2	0.2	0.09	0.07	0.07	0.0	0.16	0.0	0.01	0.0	10.74	14.26	2.54	5.54	9.31	1.0	7.96	1.0	1.53	1.0	Medium	Medium	Low	Low	Low	Low	Low	Low	Low	Low	Average	Average	Average	Average	Average	Below Average	Average	Below Average	Average	Average	8	Medium	8	Medium	6	Low	6	Low	6	Low	6	Low	6	Low	6	Low	6	Low	6	Low
Djibouti	DJI	0.2	7.7	4.1	6.1	6.2	Low	Medium	3	2	3	2.6666666666666665	High	76	2	0	0	0	3	2	0	0	0	1	36	5.56	0.0	0.0	0.0	8.33	5.56	0.0	0.0	0.0	2.78	0.02	0.0	0.0	0.0	0.01	0.03	0.0	0.0	0.0	0.01	4.48	1.0	1.0	1.0	6.14	4.5	1.0	1.0	1.0	2.76	Low	Low	Low	Low	Low	Medium	Low	Low	Low	Low	Average	Below Average	Below Average	Below Average	Average	Above Average	Below Average	Below Average	Below Average	Average	7	Low	7	Medium	7	Medium	7	Medium	7	Medium	9	Medium	7	Medium	7	Medium	7	Medium	7	Medium
Dominica	DMA	0.0	3.2		0.0	4.8	Low	Medium	1	3	1	1.6666666666666667	Medium	0	1	0	0	0	1	0	0	0	0	0	5	20.0	0.0	0.0	0.0	20.0	0.0	0.0	0.0	0.0	0.0	0.01	0.0	0.0	0.0	0.0	0.0	0.0	0.0	0.0	0.0	6.51	1.0	1.0	1.0	6.48	1.0	1.0	1.0	1.0	1.0	Medium	Low	Low	Low	Medium	Low	Low	Low	Low	Low	Above Average	Below Average	Below Average	Below Average	Above Average	Below Average	Below Average	Below Average	Below Average	Average	8	Medium	6	Low	6	Low	6	Low	8	Medium	6	Low	6	Low	6	Low	6	Low	6	Low
Dominican Republic	DOM	0.1	3.1	4.4	6.4	5.2	Low	Medium	1	2	3	2.0	Medium	54	6	1	13	9	85	2	9	2	3	3	270	2.22	0.37	4.81	3.33	31.48	0.74	3.33	0.74	1.11	1.11	0.06	0.01	0.37	0.06	0.32	0.03	0.1	0.03	0.03	0.04	4.89	1.66	10.56	6.77	60.72	2.32	6.9	2.32	2.95	2.96	Low	Low	High	Low	High	Low	Low	Low	Low	Low	Average	Below Average	Above Average	Average	Above Average	Average	Average	Average	Average	Average	6	Low	6	Low	10	High	6	Low	10	Medium	6	Low	6	Low	6	Low	6	Low	6	Low
Ecuador	ECU	5.0	3.0	5.0	8.2	4.6	Medium	Medium	1	2	3	2.0	Medium	188	34	31	10	71	26	6	10	23	73	30	684	4.97	4.53	1.46	10.38	3.8	0.88	1.46	3.36	10.67	4.39	0.32	0.22	0.29	0.48	0.1	0.1	0.11	0.3	0.81	0.43	16.61	14.69	5.91	34.82	11.94	3.8	5.48	11.66	39.54	15.46	Medium	Medium	Low	High	Medium	Low	Low	High	High	High	Average	Average	Average	Above Average	Average	Average	Average	Above Average	Above Average	Above Average	8	Medium	8	Medium	8	Medium	10	Medium	8	Medium	8	Medium	8	Medium	10	Medium	10	High	10	High
Egypt	EGY	4.7	4.1	3.5	6.7	5.2	Medium	Medium	2	2	3	2.333333333333333	High	1198	17	6	5	8	18	7	9	1	2	19	1090	1.56	0.55	0.46	0.73	1.65	0.64	0.83	0.09	0.18	1.74	0.16	0.04	0.14	0.05	0.07	0.11	0.1	0.01	0.02	0.27	7.31	3.36	3.16	4.04	7.34	3.82	4.49	1.48	1.9	8.34	Low	Low	Low	Low	Low	Low	Low	Low	Low	Low	Average	Below Average	Average	Below Average	Below Average	Average	Below Average	Below Average	Average	Average	9	Medium	9	Medium	9	Medium	9	Medium	9	Medium	9	Medium	9	Medium	9	Medium	9	Medium	9	Medium
El Salvador	SLV	0.5	5.1	4.2	7.3	5.8	Low	Medium	2	2	3	2.333333333333333	High	1127	11	2	4	10	20	0	0	8	31	2	1526	0.72	0.13	0.26	0.66	1.31	0.0	0.0	0.52	2.03	0.13	0.1	0.01	0.11	0.07	0.08	0.0	0.0	0.1	0.35	0.03	4.76	1.85	2.64	4.42	7.24	1.0	1.0	3.88	11.44	1.87	Low	Low	Low	Low	Low	Low	Low	Low	Medium	Low	Below Average	Below Average	Average	Below Average	Below Average	Below Average	Below Average	Average	Average	Average	7	Low	7	Medium	7	Medium	7	Medium	7	Medium	7	Medium	7	Medium	7	Medium	9	Medium	7	Medium
Equatorial Guinea	GNQ	0.1	5.0		0.0	8.0	Low	High	2	3	1	2.0	Medium	112	6	0	0	1	0	0	0	0	0	0	11	54.55	0.0	0.0	9.09	0.0	0.0	0.0	0.0	0.0	0.0	0.06	0.0	0.0	0.01	0.0	0.0	0.0	0.0	0.0	0.0	20.3	1.0	1.0	4.51	1.0	1.0	1.0	1.0	1.0	1.0	High	Low	Low	Medium	Low	Low	Low	Low	Low	Low	Above Average	Below Average	Below Average	Above Average	Below Average	Below Average	Below Average	Below Average	Below Average	Average	11	High	7	Medium	7	Medium	9	Medium	7	Medium	7	Medium	7	Medium	7	Medium	7	Medium	7	Medium
Eritrea	ERI	0.4	8.1		0.0	8.2	Low	High	3	3	1	2.333333333333333	High	2	1	2	1	1	2	0	0	0	0	0	43	2.33	4.65	2.33	2.33	4.65	0.0	0.0	0.0	0.0	0.0	0.01	0.01	0.03	0.01	0.01	0.0	0.0	0.0	0.0	0.0	2.59	4.14	2.62	2.59	4.14	1.0	1.0	1.0	1.0	1.0	Low	Low	Medium	Low	Low	Low	Low	Low	Low	Low	Average	Average	Above Average	Average	Average	Below Average	Below Average	Below Average	Below Average	Average	8	Medium	8	Medium	10	High	8	Medium	8	Medium	8	Medium	8	Medium	8	Medium	8	Medium	8	Medium
Eswatini	SWZ	1.3	6.5	7.0	2.8	5.6	Low	Medium	3	3	1	2.333333333333333	High	113	18	19	0	29	20	13	12	22	2	13	381	4.72	4.99	0.0	7.61	5.25	3.41	3.15	5.77	0.52	3.41	0.17	0.13	0.0	0.2	0.08	0.21	0.13	0.29	0.02	0.19	11.28	11.64	1.0	17.61	11.91	8.64	7.81	14.17	2.16	8.57	Medium	High	Low	High	Medium	Medium	Low	High	Low	Medium	Average	Above Average	Below Average	Above Average	Average	Above Average	Average	Above Average	Average	Above Average	9	Medium	11	High	7	Medium	11	High	9	Medium	9	Medium	7	Medium	11	High	7	Medium	9	Medium
Ethiopia	ETH	9.8	8.9	4.6	8.7	4.7	High	Medium	3	2	3	2.6666666666666665	High	33378	45	213	25	72	234	22	26	59	27	17	7915	0.57	2.69	0.32	0.91	2.96	0.28	0.33	0.75	0.34	0.21	0.42	1.5	0.72	0.49	0.88	0.36	0.28	0.77	0.3	0.24	10.13	44.43	7.68	14.41	41.83	6.33	6.78	13.63	6.98	5.2	Medium	High	Low	Medium	High	Low	Low	Medium	Low	Low	Below Average	Average	Average	Below Average	Average	Average	Below Average	Average	Average	Average	11	High	11	High	9	Medium	11	High	11	High	9	Medium	9	Medium	11	High	9	Medium	9	Medium
Fiji	FJI	0.0	3.1	2.9	0.0	2.2	Low	Low	1	1	1	1.0	Low	0	0	0	0	1	0	1	0	0	0	0	14	0.0	0.0	0.0	7.14	0.0	7.14	0.0	0.0	0.0	0.0	0.0	0.0	0.0	0.01	0.0	0.02	0.0	0.0	0.0	0.0	1.0	1.0	1.0	4.05	1.0	4.07	1.0	1.0	1.0	1.0	Low	Low	Low	Medium	Low	Medium	Low	Low	Low	Low	Below Average	Below Average	Below Average	Above Average	Below Average	Above Average	Below Average	Below Average	Below Average	Average	4	Low	4	Low	4	Low	6	Low	4	Low	6	Low	4	Low	4	Low	4	Low	4	Low
Gabon	GAB	0.1	5.6	5.2	1.0	6.8	Low	Medium	3	2	1	2.0	Medium	10	9	0	0	7	3	1	3	0	1	2	89	10.11	0.0	0.0	7.87	3.37	1.12	3.37	0.0	1.12	2.25	0.08	0.0	0.0	0.05	0.01	0.02	0.03	0.0	0.01	0.03	10.95	1.0	1.0	8.63	4.2	2.08	4.24	1.0	2.07	3.17	Medium	Low	Low	Medium	Low	Low	Medium	Low	Low	Low	Average	Below Average	Below Average	Above Average	Average	Average	Above Average	Below Average	Average	Average	8	Medium	6	Low	6	Low	8	Medium	6	Low	6	Low	8	Medium	6	Low	6	Low	6	Low
Gambia	GMB	0.0	8.3	5.6	3.8	4.7	Low	Medium	3	3	2	2.6666666666666665	High	11	1	5	0	3	6	3	3	4	1	3	60	1.67	8.33	0.0	5.0	10.0	5.0	5.0	6.67	1.67	5.0	0.01	0.04	0.0	0.02	0.02	0.05	0.03	0.05	0.01	0.04	2.32	7.63	1.0	4.95	8.86	5.02	4.97	6.35	2.32	5.0	Low	Medium	Low	Low	Low	Medium	Medium	Medium	Low	Medium	Average	Above Average	Below Average	Average	Average	Above Average	Above Average	Above Average	Average	Above Average	7	Low	9	Medium	7	Medium	7	Medium	7	Medium	9	Medium	9	Medium	9	Medium	7	Medium	9	Medium
Georgia	GEO	0.1	1.1	3.1	9.1	4.5	Low	Medium	1	1	3	1.6666666666666667	Medium	3	21	2	2	5	7	2	4	2	0	2	278	7.55	0.72	0.72	1.8	2.52	0.72	1.44	0.72	0.0	0.72	0.2	0.01	0.06	0.03	0.03	0.03	0.04	0.03	0.0	0.03	15.02	2.28	2.34	4.16	5.39	2.31	3.56	2.31	1.0	2.31	Medium	Low	Low	Low	Low	Low	Low	Low	Low	Low	Average	Below Average	Average	Average	Average	Average	Average	Average	Below Average	Average	8	Medium	6	Low	6	Low	6	Low	6	Low	6	Low	6	Low	6	Low	6	Low	6	Low
Ghana	GHA	3.3	6.9	5.7	3.3	4.4	Medium	Medium	3	3	2	2.6666666666666665	High	530	27	48	5	64	45	48	39	36	12	47	1029	2.62	4.66	0.49	6.22	4.37	4.66	3.79	3.5	1.17	4.57	0.25	0.34	0.14	0.44	0.17	0.78	0.42	0.47	0.13	0.68	11.26	19.28	3.19	26.0	17.0	22.22	16.49	15.64	5.65	21.19	Medium	Medium	Low	High	Medium	High	High	High	Low	High	Average	Average	Average	Above Average	Average	Above Average	Above Average	Above Average	Average	Above Average	9	Medium	9	Medium	9	Medium	11	High	9	Medium	11	High	11	High	11	High	9	Medium	11	High
Grenada	GRD	0.0	2.1	4.7	0.0	4.8	Low	Medium	1	2	1	1.3333333333333333	Medium	0	2	0	0	0	0	0	0	0	0	0	4	50.0	0.0	0.0	0.0	0.0	0.0	0.0	0.0	0.0	0.0	0.02	0.0	0.0	0.0	0.0	0.0	0.0	0.0	0.0	0.0	12.49	1.0	1.0	1.0	1.0	1.0	1.0	1.0	1.0	1.0	High	Low	Low	Low	Low	Low	Low	Low	Low	Low	Above Average	Below Average	Below Average	Below Average	Below Average	Below Average	Below Average	Below Average	Below Average	Average	10	Medium	6	Low	6	Low	6	Low	6	Low	6	Low	6	Low	6	Low	6	Low	6	Low
Guatemala	GTM	0.3	6.8	6.1	7.7	6.4	Low	Medium	3	3	3	3.0	High	2589	50	130	8	144	283	125	143	135	91	127	3107	1.61	4.18	0.26	4.63	9.11	4.02	4.6	4.35	2.93	4.09	0.47	0.92	0.23	0.98	1.07	2.04	1.53	1.77	1.01	1.82	13.99	36.1	3.73	40.2	77.09	43.85	45.17	44.89	26.96	42.86	Medium	High	Low	High	High	High	High	High	Medium	High	Average	Average	Average	Average	Average	Above Average	Above Average	Above Average	Average	Above Average	9	Medium	11	High	7	Medium	11	High	11	High	11	High	11	High	11	High	9	Medium	11	High
Guinea	GIN	0.7	9.1	4.7	1.6	6.1	Low	Medium	3	2	1	2.0	Medium	327	41	77	12	81	69	62	109	62	4	61	1060	3.87	7.26	1.13	7.64	6.51	5.85	10.28	5.85	0.38	5.75	0.39	0.54	0.34	0.55	0.26	1.01	1.16	0.81	0.04	0.88	16.86	31.5	6.09	33.14	25.74	29.45	51.77	27.95	2.68	28.05	Medium	High	Low	High	Medium	High	High	High	Low	High	Average	Above Average	Average	Above Average	Average	Above Average	Above Average	Above Average	Average	Above Average	8	Medium	10	Medium	6	Low	10	Medium	8	Medium	10	Medium	10	Medium	10	Medium	6	Low	10	High
Guinea-Bissau	GNB	0.1	8.9	5.3	0.0	7.9	Low	High	3	2	1	2.0	Medium	34	6	3	0	5	6	3	3	3	0	3	68	8.82	4.41	0.0	7.35	8.82	4.41	4.41	4.41	0.0	4.41	0.06	0.02	0.0	0.03	0.02	0.05	0.03	0.04	0.0	0.04	8.54	4.7	1.0	7.18	8.37	4.77	4.72	4.74	1.0	4.74	Low	Low	Low	Medium	Low	Medium	Medium	Medium	Low	Medium	Average	Average	Below Average	Above Average	Average	Above Average	Above Average	Above Average	Below Average	Above Average	7	Low	7	Medium	7	Medium	9	Medium	7	Medium	9	Medium	9	Medium	9	Medium	7	Medium	9	Medium
Guyana	GUY	0.1	3.1	5.5	5.9	5.8	Low	Medium	1	3	3	2.333333333333333	High	9	4	4	2	7	7	2	2	2	5	2	131	3.05	3.05	1.53	5.34	5.34	1.53	1.53	1.53	3.82	1.53	0.04	0.03	0.06	0.05	0.03	0.03	0.02	0.03	0.06	0.03	4.59	4.57	2.84	7.3	7.23	2.8	2.78	2.8	5.54	2.8	Low	Low	Low	Low	Low	Low	Low	Low	Medium	Low	Average	Average	Average	Average	Average	Average	Average	Average	Above Average	Average	7	Low	7	Medium	7	Medium	7	Medium	7	Medium	7	Medium	7	Medium	7	Medium	9	Medium	7	Medium
Haiti	HTI	8.6	7.8	6.2	7.7	7.8	High	High	3	3	3	3.0	High	6052	116	76	15	152	245	24	68	71	1136	38	4835	2.4	1.57	0.31	3.14	5.07	0.5	1.41	1.47	23.5	0.79	1.09	0.54	0.43	1.04	0.92	0.39	0.73	0.93	12.66	0.55	28.83	17.46	5.47	35.95	53.54	7.22	16.96	18.53	616.86	10.4	Medium	Medium	Low	High	High	Low	Medium	Medium	High	Medium	Average	Average	Average	Average	Average	Average	Average	Average	Above Average	Average	12	High	12	High	10	High	12	High	12	High	10	Medium	12	High	12	High	12	High	12	High
Honduras	HND	6.1	5.9	5.7	7.6	6.2	Medium	Medium	3	3	3	3.0	High	3245	118	53	31	155	107	32	65	49	283	39	3698	3.19	1.43	0.84	4.19	2.89	0.87	1.76	1.33	7.65	1.05	1.11	0.37	0.89	1.06	0.4	0.52	0.69	0.64	3.15	0.56	32.44	13.41	10.55	40.84	24.25	9.68	17.55	13.82	100.97	11.31	High	Medium	Medium	High	Medium	Low	Medium	Medium	High	Medium	Average	Average	Average	Average	Average	Average	Average	Average	Above Average	Average	11	High	9	Medium	9	Medium	11	High	9	Medium	9	Medium	9	Medium	9	Medium	11	High	9	Medium
India	IND	9.1	6.0	3.9	6.3	3.5	High	Medium	3	2	3	2.6666666666666665	High	5585	1206	824	215	1080	904	700	664	615	412	602	21187	5.69	3.89	1.01	5.1	4.27	3.3	3.13	2.9	1.94	2.84	11.38	5.8	6.17	7.36	3.41	11.42	7.08	8.07	4.59	8.65	316.17	165.63	55.79	234.79	145.03	193.49	148.97	147.61	82.39	149.48	High	High	High	High	High	High	High	High	High	High	Average	Average	Average	Average	Average	Average	Average	Average	Average	Average	11	High	11	High	11	High	11	High	11	High	11	High	11	High	11	High	11	High	11	High
Indonesia	IDN	7.5	4.0	4.6	4.2	4.4	High	Medium	2	2	2	2.0	Medium	814	216	216	50	273	342	213	232	218	44	211	2839	7.61	7.61	1.76	9.62	12.05	7.5	8.17	7.68	1.55	7.43	2.04	1.52	1.43	1.86	1.29	3.47	2.47	2.86	0.49	3.03	75.36	68.62	18.49	91.23	101.24	90.17	86.1	85.66	13.08	84.87	High	High	High	High	High	High	High	High	Medium	High	Average	Above Average	Above Average	Above Average	Above Average	Above Average	Above Average	Above Average	Average	Above Average	10	Medium	10	Medium	10	High	10	Medium	10	Medium	10	Medium	10	Medium	10	Medium	10	High	10	High
Iran	IRN	7.8	2.4	4.5	9.0	5.8	High	Medium	1	2	3	2.0	Medium	1906	213	22	75	66	53	10	25	14	8	7	2549	8.36	0.86	2.94	2.59	2.08	0.39	0.98	0.55	0.31	0.27	2.01	0.15	2.15	0.45	0.2	0.16	0.27	0.18	0.09	0.1	77.65	7.01	30.71	18.68	14.13	4.21	8.09	5.24	3.58	3.34	High	Low	High	Medium	Medium	Low	Low	Low	Low	Low	Average	Below Average	Above Average	Average	Below Average	Average	Average	Average	Average	Average	10	Medium	8	Medium	10	High	10	Medium	10	Medium	8	Medium	8	Medium	8	Medium	8	Medium	8	Medium
Iraq	IRQ	9.2	5.1	4.3	8.7	8.1	High	High	2	2	3	2.333333333333333	High	12457	302	209	129	317	507	88	523	111	383	74	30010	1.01	0.7	0.43	1.06	1.69	0.29	1.74	0.37	1.28	0.25	2.85	1.47	3.7	2.16	1.91	1.44	5.58	1.46	4.27	1.06	48.42	29.69	29.56	45.5	63.06	16.74	97.2	19.43	67.93	13.9	High	Medium	Medium	High	High	Medium	High	Medium	High	Medium	Below Average	Below Average	Average	Below Average	Below Average	Average	Average	Below Average	Average	Average	12	High	12	High	12	High	12	High	12	High	12	High	12	High	12	High	12	High	12	High
Israel	ISR	8.4	0.0	2.2	7.7	3.2	High	Medium	1	1	3	1.6666666666666667	Medium	1050	215	28	34	94	70	28	23	12	62	16	6792	3.17	0.41	0.5	1.38	1.03	0.41	0.34	0.18	0.91	0.24	2.03	0.2	0.98	0.64	0.26	0.46	0.25	0.16	0.69	0.23	52.24	7.0	10.2	19.26	13.48	7.73	6.34	4.22	14.26	5.09	High	Low	Medium	Medium	Medium	Low	Low	Low	Medium	Low	Average	Below Average	Average	Below Average	Below Average	Average	Below Average	Below Average	Average	Average	10	Medium	8	Medium	10	High	10	Medium	10	Medium	8	Medium	8	Medium	8	Medium	10	High	8	Medium
Jamaica	JAM	0.1	3.9	4.3	0.0	4.0	Low	Medium	2	2	1	1.6666666666666667	Medium	1594	20	7	17	17	249	4	3	2	26	3	1793	1.12	0.39	0.95	0.95	13.89	0.22	0.17	0.11	1.45	0.17	0.19	0.05	0.49	0.12	0.94	0.07	0.03	0.03	0.29	0.04	7.28	3.42	7.23	6.27	84.98	2.55	2.2	1.85	9.24	2.21	Low	Low	Low	Low	High	Low	Low	Low	Low	Low	Below Average	Below Average	Average	Below Average	Above Average	Below Average	Below Average	Below Average	Average	Average	6	Low	6	Low	6	Low	6	Low	10	Medium	6	Low	6	Low	6	Low	6	Low	6	Low
Jordan	JOR	0.3	2.1	4.1	10.0	5.6	Low	Medium	1	2	3	2.0	Medium	29	25	0	3	9	11	0	2	1	4	0	184	13.59	0.0	1.63	4.89	5.98	0.0	1.09	0.54	2.17	0.0	0.24	0.0	0.09	0.06	0.04	0.0	0.02	0.01	0.04	0.0	21.69	1.0	3.39	7.9	9.33	1.0	2.53	1.76	4.06	1.0	Medium	Low	Low	Low	Low	Low	Low	Low	Low	Low	Average	Below Average	Average	Average	Average	Below Average	Average	Average	Average	Average	8	Medium	6	Low	6	Low	6	Low	6	Low	6	Low	6	Low	6	Low	6	Low	6	Low
Kazakhstan	KAZ	0.1	1.4	1.8	4.9	4.6	Low	Medium	1	1	3	1.6666666666666667	Medium	231	47	11	3	28	8	4	2	2	7	3	391	12.02	2.81	0.77	7.16	2.05	1.02	0.51	0.51	1.79	0.77	0.44	0.08	0.09	0.19	0.03	0.07	0.02	0.03	0.08	0.04	30.0	7.03	2.78	16.78	5.32	3.29	2.15	2.16	4.91	2.71	Medium	Low	Low	High	Low	Low	Low	Low	Low	Low	Average	Average	Average	Above Average	Below Average	Average	Below Average	Average	Average	Average	8	Medium	6	Low	6	Low	10	Medium	6	Low	6	Low	6	Low	6	Low	6	Low	6	Low
Kenya	KEN	8.3	7.3	5.3	8.0	5.1	High	Medium	3	2	3	2.6666666666666665	High	3256	134	615	68	381	350	196	189	190	158	180	5379	2.49	11.43	1.26	7.08	6.51	3.64	3.51	3.53	2.94	3.35	1.26	4.33	1.95	2.6	1.32	3.2	2.02	2.49	1.76	2.59	32.63	202.02	21.45	105.41	78.2	61.96	50.87	54.95	41.58	53.17	High	High	Medium	High	High	High	High	High	High	High	Average	Above Average	Average	Above Average	Average	Above Average	Above Average	Above Average	Average	Above Average	11	High	11	High	11	High	11	High	11	High	11	High	11	High	11	High	11	High	11	High
Kiribati	KIR	0.0	6.3	0.7	0.0	4.7	Low	Medium	3	1	1	1.6666666666666667	Medium	0	0	0	0	0	0	0	0	0	0	0	3	0.0	0.0	0.0	0.0	0.0	0.0	0.0	0.0	0.0	0.0	0.0	0.0	0.0	0.0	0.0	0.0	0.0	0.0	0.0	0.0	1.0	1.0	1.0	1.0	1.0	1.0	1.0	1.0	1.0	1.0	Low	Low	Low	Low	Low	Low	Low	Low	Low	Low	Below Average	Below Average	Below Average	Below Average	Below Average	Below Average	Below Average	Below Average	Below Average	Average	6	Low	6	Low	6	Low	6	Low	6	Low	6	Low	6	Low	6	Low	6	Low	6	Low
Korea DPR	PRK	0.2	6.9		0.0	8.1	Low	High	3	3	1	2.333333333333333	High	127	63	14	1	0	36	0	7	0	0	0	394	15.99	3.55	0.25	0.0	9.14	0.0	1.78	0.0	0.0	0.0	0.59	0.1	0.03	0.0	0.14	0.0	0.07	0.0	0.0	0.0	41.58	8.66	1.6	1.0	20.68	1.0	4.88	1.0	1.0	1.0	High	Low	Low	Low	Medium	Low	Low	Low	Low	Low	Average	Average	Average	Below Average	Average	Below Average	Average	Below Average	Below Average	Average	12	High	8	Medium	8	Medium	8	Medium	10	Medium	8	Medium	8	Medium	8	Medium	8	Medium	8	Medium
Korea Republic of	KOR	0.1	0.0	1.2	3.9	2.3	Low	Low	1	1	2	1.3333333333333333	Medium	0	18	4	6	5	12	1	10	2	5	1	276	6.52	1.45	2.17	1.81	4.35	0.36	3.62	0.72	1.81	0.36	0.17	0.03	0.17	0.03	0.05	0.02	0.11	0.03	0.06	0.01	12.93	3.55	5.1	4.17	8.55	1.67	7.51	2.31	4.23	1.66	Medium	Low	Medium	Low	Low	Low	Medium	Low	Low	Low	Average	Average	Above Average	Average	Average	Average	Above Average	Average	Average	Average	7	Low	5	Low	7	Medium	5	Low	5	Low	5	Low	7	Medium	5	Low	5	Low	5	Low
Kuwait	KWT	0.2	1.1	2.7	6.7	5.1	Low	Medium	1	1	3	1.6666666666666667	Medium	1	2	0	0	0	0	0	0	0	0	0	34	5.88	0.0	0.0	0.0	0.0	0.0	0.0	0.0	0.0	0.0	0.02	0.0	0.0	0.0	0.0	0.0	0.0	0.0	0.0	0.0	4.59	1.0	1.0	1.0	1.0	1.0	1.0	1.0	1.0	1.0	Low	Low	Low	Low	Low	Low	Low	Low	Low	Low	Average	Below Average	Below Average	Below Average	Below Average	Below Average	Below Average	Below Average	Below Average	Average	6	Low	6	Low	6	Low	6	Low	6	Low	6	Low	6	Low	6	Low	6	Low	6	Low
Kyrgyzstan	KGZ	0.3	2.5	2.8	4.9	5.4	Low	Medium	1	1	3	1.6666666666666667	Medium	107	47	22	7	38	14	14	13	12	5	13	331	14.2	6.65	2.11	11.48	4.23	4.23	3.93	3.63	1.51	3.93	0.44	0.15	0.2	0.26	0.05	0.23	0.14	0.16	0.06	0.19	32.41	14.22	5.46	24.76	9.08	9.82	8.87	8.36	4.0	9.06	High	High	Medium	High	Low	Medium	Medium	Medium	Low	Medium	Average	Above Average	Above Average	Above Average	Average	Above Average	Above Average	Above Average	Average	Above Average	10	Medium	10	Medium	8	Medium	10	Medium	6	Low	8	Medium	8	Medium	8	Medium	6	Low	8	Medium
Lao PDR	LAO	0.2	6.7	4.8	0.0	6.4	Low	Medium	3	2	1	2.0	Medium	3	1	0	0	0	0	0	0	0	0	0	5	20.0	0.0	0.0	0.0	0.0	0.0	0.0	0.0	0.0	0.0	0.01	0.0	0.0	0.0	0.0	0.0	0.0	0.0	0.0	0.0	6.51	1.0	1.0	1.0	1.0	1.0	1.0	1.0	1.0	1.0	Medium	Low	Low	Low	Low	Low	Low	Low	Low	Low	Above Average	Below Average	Below Average	Below Average	Below Average	Below Average	Below Average	Below Average	Below Average	Average	8	Medium	6	Low	6	Low	6	Low	6	Low	6	Low	6	Low	6	Low	6	Low	6	Low
Lebanon	LBN	6.3	3.5	3.3	10.0	6.3	Medium	Medium	2	1	3	2.0	Medium	4218	150	28	58	450	821	16	258	14	403	17	18354	0.82	0.15	0.32	2.45	4.47	0.09	1.41	0.08	2.2	0.09	1.42	0.2	1.66	3.07	3.1	0.26	2.75	0.18	4.49	0.24	25.79	6.33	14.39	79.58	135.78	4.83	48.38	4.37	84.25	4.93	Medium	Low	Medium	High	High	Low	High	Low	High	Low	Below Average	Below Average	Average	Average	Average	Below Average	Average	Below Average	Average	Average	8	Medium	8	Medium	8	Medium	10	Medium	10	Medium	8	Medium	10	Medium	8	Medium	10	High	8	Medium
Lesotho	LSO	0.1	7.4	6.2	1.2	7.5	Low	High	3	3	1	2.333333333333333	High	39	5	1	1	1	1	0	0	0	0	0	73	6.85	1.37	1.37	1.37	1.37	0.0	0.0	0.0	0.0	0.0	0.05	0.01	0.03	0.01	0.0	0.0	0.0	0.0	0.0	0.0	7.03	2.19	2.21	2.19	2.18	1.0	1.0	1.0	1.0	1.0	Low	Low	Low	Low	Low	Low	Low	Low	Low	Low	Average	Average	Average	Below Average	Below Average	Below Average	Below Average	Below Average	Below Average	Average	8	Medium	8	Medium	8	Medium	8	Medium	8	Medium	8	Medium	8	Medium	8	Medium	8	Medium	8	Medium
Liberia	LBR	0.1	8.6	5.7	1.6	7.7	Low	High	3	3	1	2.333333333333333	High	32	15	8	0	7	13	6	8	8	1	6	164	9.15	4.88	0.0	4.27	7.93	3.66	4.88	4.88	0.61	3.66	0.14	0.06	0.0	0.05	0.05	0.1	0.09	0.1	0.01	0.09	13.61	7.49	1.0	6.65	11.46	5.99	7.59	7.63	1.8	5.96	Medium	Medium	Low	Low	Medium	Medium	Medium	Medium	Low	Medium	Average	Above Average	Below Average	Average	Average	Above Average	Above Average	Above Average	Average	Above Average	10	Medium	10	Medium	8	Medium	8	Medium	10	Medium	10	Medium	10	Medium	10	Medium	8	Medium	10	High
Libya	LBY	1.4	3.2	3.5	7.3	8.4	Low	High	1	2	3	2.0	Medium	2059	27	0	9	47	30	1	47	3	34	0	2013	1.34	0.0	0.45	2.33	1.49	0.05	2.33	0.15	1.69	0.0	0.25	0.0	0.26	0.32	0.11	0.02	0.5	0.04	0.38	0.0	9.05	1.0	4.27	14.53	9.26	1.46	15.48	2.19	11.4	1.0	Low	Low	Low	Medium	Low	Low	Medium	Low	Medium	Low	Below Average	Below Average	Average	Average	Below Average	Below Average	Average	Below Average	Average	Average	7	Low	7	Medium	7	Medium	9	Medium	7	Medium	7	Medium	9	Medium	7	Medium	9	Medium	7	Medium
Madagascar	MDG	0.2	9.1	6.1	1.9	6.0	Low	Medium	3	3	1	2.333333333333333	High	1937	24	173	48	29	44	16	74	10	9	11	2119	1.13	8.16	2.27	1.37	2.08	0.76	3.49	0.47	0.42	0.52	0.23	1.22	1.38	0.2	0.17	0.26	0.79	0.13	0.1	0.16	8.09	59.48	19.53	9.24	12.73	6.14	24.55	4.27	3.95	4.6	Low	High	High	Low	Medium	Low	High	Low	Low	Low	Below Average	Above Average	Above Average	Below Average	Below Average	Average	Above Average	Below Average	Average	Average	7	Low	11	High	11	High	7	Medium	9	Medium	7	Medium	11	High	7	Medium	7	Medium	7	Medium
Malawi	MWI	0.1	8.3	5.6	4.9	5.4	Low	Medium	3	3	3	3.0	High	249	52	21	1	24	29	6	10	9	4	6	596	8.72	3.52	0.17	4.03	4.87	1.01	1.68	1.51	0.67	1.01	0.49	0.15	0.03	0.16	0.11	0.1	0.11	0.12	0.04	0.09	27.71	10.69	1.55	12.08	13.98	3.93	5.72	5.3	2.95	3.92	Medium	Medium	Low	Medium	Medium	Low	Low	Low	Low	Low	Average	Average	Average	Average	Average	Average	Average	Average	Average	Average	9	Medium	9	Medium	7	Medium	9	Medium	9	Medium	7	Medium	7	Medium	7	Medium	7	Medium	7	Medium
Malaysia	MYS	0.2	1.9	3.3	7.1	3.3	Low	Medium	1	1	3	1.6666666666666667	Medium	22	31	2	1	1	33	1	0	1	2	1	266	11.65	0.75	0.38	0.38	12.41	0.38	0.0	0.38	0.75	0.38	0.29	0.01	0.03	0.01	0.12	0.02	0.0	0.01	0.02	0.01	22.85	2.3	1.69	1.67	22.6	1.68	1.0	1.67	2.31	1.67	Medium	Low	Low	Low	High	Low	Low	Low	Low	Low	Average	Below Average	Average	Below Average	Above Average	Average	Below Average	Below Average	Average	Average	8	Medium	6	Low	6	Low	6	Low	10	Medium	6	Low	6	Low	6	Low	6	Low	6	Low
Maldives	MDV	0.1	2.2	2.8	0.0	5.8	Low	Medium	1	1	1	1.0	Low	1	6	0	0	0	6	0	2	1	0	0	47	12.77	0.0	0.0	0.0	12.77	0.0	4.26	2.13	0.0	0.0	0.06	0.0	0.0	0.0	0.02	0.0	0.02	0.01	0.0	0.0	10.11	1.0	1.0	1.0	9.92	1.0	4.01	2.51	1.0	1.0	Medium	Low	Low	Low	Medium	Low	Medium	Low	Low	Low	Average	Below Average	Below Average	Below Average	Above Average	Below Average	Above Average	Average	Below Average	Average	7	Low	5	Low	5	Low	5	Low	7	Medium	5	Low	7	Medium	5	Low	5	Low	5	Low
Mali	MLI	9.8	9.7	5.4	7.6	6.1	High	Medium	3	2	3	2.6666666666666665	High	17542	74	790	38	143	188	23	38	49	68	23	8128	0.91	9.72	0.47	1.76	2.31	0.28	0.47	0.6	0.84	0.28	0.7	5.56	1.09	0.98	0.71	0.38	0.41	0.64	0.76	0.33	15.61	235.85	10.95	28.05	32.71	6.51	8.99	11.45	14.95	6.39	Medium	High	Medium	Medium	High	Low	Low	Medium	Medium	Low	Below Average	Above Average	Average	Average	Average	Average	Below Average	Average	Average	Average	11	High	11	High	11	High	11	High	11	High	9	Medium	9	Medium	11	High	11	High	9	Medium
Marshall Islands	MHL	0.0	3.4	2.6	0.0	5.9	Low	Medium	1	1	1	1.0	Low	0	0	0	0	0	0	0	0	0	0	0	1	0.0	0.0	0.0	0.0	0.0	0.0	0.0	0.0	0.0	0.0	0.0	0.0	0.0	0.0	0.0	0.0	0.0	0.0	0.0	0.0	1.0	1.0	1.0	1.0	1.0	1.0	1.0	1.0	1.0	1.0	Low	Low	Low	Low	Low	Low	Low	Low	Low	Low	Below Average	Below Average	Below Average	Below Average	Below Average	Below Average	Below Average	Below Average	Below Average	Average	5	Low	5	Low	5	Low	5	Low	5	Low	5	Low	5	Low	5	Low	5	Low	5	Low
Mauritania	MRT	1.5	8.4	4.9	7.0	5.8	Low	Medium	3	2	3	2.6666666666666665	High	27	2	4	10	4	8	2	4	1	0	2	119	1.68	3.36	8.4	3.36	6.72	1.68	3.36	0.84	0.0	1.68	0.02	0.03	0.29	0.03	0.03	0.03	0.04	0.01	0.0	0.03	2.86	4.74	11.55	4.74	8.46	2.88	4.76	1.93	1.0	2.88	Low	Low	High	Low	Low	Low	Medium	Low	Low	Low	Average	Average	Above Average	Average	Average	Average	Above Average	Average	Below Average	Average	7	Low	7	Medium	11	High	7	Medium	7	Medium	7	Medium	9	Medium	7	Medium	7	Medium	7	Medium
Mauritius	MUS	0.1	2.1	3.9	0.0	3.7	Low	Medium	1	2	1	1.3333333333333333	Medium	10	13	0	4	1	4	1	0	0	12	1	132	9.85	0.0	3.03	0.76	3.03	0.76	0.0	0.0	9.09	0.76	0.12	0.0	0.11	0.01	0.02	0.02	0.0	0.0	0.13	0.01	13.04	1.0	4.73	1.89	4.53	1.89	1.0	1.0	12.17	1.89	Medium	Low	Medium	Low	Low	Low	Low	Low	High	Low	Average	Below Average	Above Average	Below Average	Average	Average	Below Average	Below Average	Above Average	Average	8	Medium	6	Low	8	Medium	6	Low	6	Low	6	Low	6	Low	6	Low	10	High	6	Low
Mexico	MEX	10.0	3.5	4.7	7.6	5.7	High	Medium	2	2	3	2.333333333333333	High	39363	375	274	202	749	2174	142	257	262	896	162	40220	0.93	0.68	0.5	1.86	5.41	0.35	0.64	0.65	2.23	0.4	3.54	1.93	5.79	5.11	8.21	2.32	2.74	3.44	9.99	2.33	57.4	36.79	45.47	114.48	358.33	25.32	39.78	43.89	178.44	27.57	High	High	High	High	High	Medium	High	High	High	Medium	Below Average	Below Average	Average	Average	Average	Average	Below Average	Average	Average	Average	11	High	11	High	11	High	11	High	11	High	11	High	11	High	11	High	11	High	11	High
Micronesia	FSM	0.0	5.3	3.8	0.0	5.1	Low	Medium	2	2	1	1.6666666666666667	Medium	0	0	0	0	0	0	0	0	0	0	0	2	0.0	0.0	0.0	0.0	0.0	0.0	0.0	0.0	0.0	0.0	0.0	0.0	0.0	0.0	0.0	0.0	0.0	0.0	0.0	0.0	1.0	1.0	1.0	1.0	1.0	1.0	1.0	1.0	1.0	1.0	Low	Low	Low	Low	Low	Low	Low	Low	Low	Low	Below Average	Below Average	Below Average	Below Average	Below Average	Below Average	Below Average	Below Average	Below Average	Average	6	Low	6	Low	6	Low	6	Low	6	Low	6	Low	6	Low	6	Low	6	Low	6	Low
Moldova Republic of	MDA	0.1	2.4	1.2	7.4	6.0	Low	Medium	1	1	3	1.6666666666666667	Medium	1	7	3	1	1	9	0	5	0	0	0	165	4.24	1.82	0.61	0.61	5.45	0.0	3.03	0.0	0.0	0.0	0.07	0.02	0.03	0.01	0.03	0.0	0.05	0.0	0.0	0.0	6.7	3.39	1.82	1.8	8.15	1.0	5.04	1.0	1.0	1.0	Low	Low	Low	Low	Low	Low	Low	Low	Low	Low	Average	Average	Average	Below Average	Average	Below Average	Average	Below Average	Below Average	Average	6	Low	6	Low	6	Low	6	Low	6	Low	6	Low	6	Low	6	Low	6	Low	6	Low
Mongolia	MNG	0.1	4.4	2.8	0.0	5.7	Low	Medium	2	1	1	1.3333333333333333	Medium	0	10	3	0	1	0	2	0	0	0	0	32	31.25	9.38	0.0	3.12	0.0	6.25	0.0	0.0	0.0	0.0	0.09	0.02	0.0	0.01	0.0	0.03	0.0	0.0	0.0	0.0	19.66	6.51	1.0	2.88	1.0	4.73	1.0	1.0	1.0	1.0	High	Medium	Low	Low	Low	Medium	Low	Low	Low	Low	Above Average	Above Average	Below Average	Average	Below Average	Above Average	Below Average	Below Average	Below Average	Average	10	Medium	8	Medium	6	Low	6	Low	6	Low	8	Medium	6	Low	6	Low	6	Low	6	Low
Montenegro	MNE	0.1	1.9	1.9	8.1	4.7	Low	Medium	1	1	3	1.6666666666666667	Medium	0	4	0	0	2	0	0	0	0	0	0	34	11.76	0.0	0.0	5.88	0.0	0.0	0.0	0.0	0.0	0.0	0.04	0.0	0.0	0.01	0.0	0.0	0.0	0.0	0.0	0.0	8.15	1.0	1.0	4.57	1.0	1.0	1.0	1.0	1.0	1.0	Low	Low	Low	Medium	Low	Low	Low	Low	Low	Low	Average	Below Average	Below Average	Above Average	Below Average	Below Average	Below Average	Below Average	Below Average	Average	6	Low	6	Low	6	Low	8	Medium	6	Low	6	Low	6	Low	6	Low	6	Low	6	Low
Morocco	MAR	2.4	4.7	4.8	3.5	5.7	Low	Medium	2	2	2	2.0	Medium	181	39	18	3	12	90	4	3	3	0	4	402	9.7	4.48	0.75	2.99	22.39	1.0	0.75	0.75	0.0	1.0	0.37	0.13	0.09	0.08	0.34	0.07	0.03	0.04	0.0	0.06	24.21	10.85	2.76	7.48	53.41	3.27	2.69	2.7	1.0	3.26	Medium	Medium	Low	Low	High	Low	Low	Low	Low	Low	Average	Average	Average	Average	Above Average	Average	Below Average	Average	Below Average	Average	8	Medium	8	Medium	6	Low	6	Low	10	Medium	6	Low	6	Low	6	Low	6	Low	6	Low
Mozambique	MOZ	8.6	9.2	6.4	7.9	4.6	High	Medium	3	3	3	3.0	High	4693	66	80	5	65	263	4	14	7	29	4	2780	2.37	2.88	0.18	2.34	9.46	0.14	0.5	0.25	1.04	0.14	0.62	0.56	0.14	0.44	0.99	0.07	0.15	0.09	0.32	0.06	19.13	22.14	2.84	17.82	74.13	2.47	5.09	3.3	8.99	2.46	Medium	Medium	Low	Medium	High	Low	Low	Low	Low	Low	Average	Average	Average	Average	Average	Below Average	Below Average	Below Average	Average	Average	11	High	11	High	9	Medium	11	High	11	High	9	Medium	9	Medium	9	Medium	9	Medium	9	Medium
Myanmar	MMR	10.0	7.2	3.9	9.4	7.7	High	High	3	2	3	2.6666666666666665	High	65650	419	700	172	1569	3446	332	562	858	838	337	52334	0.8	1.34	0.33	3.0	6.58	0.63	1.07	1.64	1.6	0.64	3.95	4.93	4.93	10.7	13.01	5.42	5.99	11.26	9.34	4.84	61.17	98.63	36.94	271.06	605.03	59.03	90.26	166.74	150.19	56.9	High	High	High	High	High	High	High	High	High	High	Below Average	Average	Average	Average	Average	Average	Average	Average	Average	Average	12	High	12	High	12	High	12	High	12	High	12	High	12	High	12	High	12	High	12	High
Namibia	NAM	0.1	7.3	7.3	3.5	4.7	Low	Medium	3	3	2	2.6666666666666665	High	14	7	3	1	4	5	3	3	6	0	3	62	11.29	4.84	1.61	6.45	8.06	4.84	4.84	9.68	0.0	4.84	0.07	0.02	0.03	0.03	0.02	0.05	0.03	0.08	0.0	0.04	10.26	4.88	2.32	6.19	7.45	4.95	4.91	8.99	1.0	4.93	Medium	Low	Low	Medium	Low	Medium	Medium	Medium	Low	Medium	Average	Average	Average	Above Average	Average	Above Average	Above Average	Above Average	Below Average	Above Average	9	Medium	7	Medium	7	Medium	9	Medium	7	Medium	9	Medium	9	Medium	9	Medium	7	Medium	9	Medium
Nauru	NRU	0.0	4.1	1.9	1.6	6.4	Low	Medium	2	1	1	1.3333333333333333	Medium	0	1	0	0	0	0	0	0	0	0	0	3	33.33	0.0	0.0	0.0	0.0	0.0	0.0	0.0	0.0	0.0	0.01	0.0	0.0	0.0	0.0	0.0	0.0	0.0	0.0	0.0	8.33	1.0	1.0	1.0	1.0	1.0	1.0	1.0	1.0	1.0	Medium	Low	Low	Low	Low	Low	Low	Low	Low	Low	Above Average	Below Average	Below Average	Below Average	Below Average	Below Average	Below Average	Below Average	Below Average	Average	8	Medium	6	Low	6	Low	6	Low	6	Low	6	Low	6	Low	6	Low	6	Low	6	Low
Nepal	NPL	0.2	6.5	4.3	3.7	6.1	Low	Medium	3	2	2	2.333333333333333	High	78	333	41	44	228	52	35	86	42	109	30	2676	12.44	1.53	1.64	8.52	1.94	1.31	3.21	1.57	4.07	1.12	3.14	0.29	1.26	1.55	0.2	0.57	0.92	0.55	1.21	0.43	136.32	11.71	16.39	74.56	13.67	11.43	26.52	13.09	35.11	9.69	High	Medium	Medium	High	Medium	Medium	Medium	Medium	High	Low	Average	Average	Average	Above Average	Below Average	Average	Average	Average	Above Average	Average	11	High	9	Medium	9	Medium	11	High	9	Medium	9	Medium	9	Medium	9	Medium	11	High	7	Medium
Nicaragua	NIC	0.2	5.9	5.3	1.8	6.2	Low	Medium	3	2	1	2.0	Medium	96	4	18	0	15	23	14	14	13	0	11	413	0.97	4.36	0.0	3.63	5.57	3.39	3.39	3.15	0.0	2.66	0.04	0.13	0.0	0.1	0.09	0.23	0.15	0.17	0.0	0.16	3.2	10.73	1.0	9.03	13.11	9.0	8.7	8.24	1.0	7.14	Low	Medium	Low	Low	Medium	Low	Medium	Medium	Low	Low	Below Average	Average	Below Average	Average	Average	Average	Above Average	Above Average	Below Average	Average	6	Low	8	Medium	6	Low	6	Low	8	Medium	6	Low	8	Medium	8	Medium	6	Low	6	Low
Niger	NER	9.0	10.0	5.1	8.3	5.9	High	Medium	3	2	3	2.6666666666666665	High	6311	29	450	7	59	79	3	15	8	2	3	3339	0.87	13.48	0.21	1.77	2.37	0.09	0.45	0.24	0.06	0.09	0.27	3.17	0.2	0.4	0.3	0.05	0.16	0.1	0.02	0.04	8.44	165.02	3.41	15.25	18.72	2.14	5.19	3.5	1.8	2.13	Low	High	Low	Medium	Medium	Low	Low	Low	Low	Low	Below Average	Above Average	Average	Average	Average	Below Average	Below Average	Below Average	Below Average	Average	9	Medium	11	High	9	Medium	11	High	11	High	9	Medium	9	Medium	9	Medium	9	Medium	9	Medium
Nigeria	NGA	10.0	7.7	5.8	8.1	5.0	High	Medium	3	3	3	3.0	High	47166	206	849	42	340	1372	141	267	169	199	136	18876	1.09	4.5	0.22	1.8	7.27	0.75	1.41	0.9	1.05	0.72	1.94	5.98	1.2	2.32	5.18	2.3	2.85	2.22	2.22	1.95	35.66	180.64	10.74	56.3	264.9	28.64	49.87	32.25	36.33	26.37	High	High	Medium	High	High	Medium	High	High	High	Medium	Below Average	Average	Average	Average	Average	Average	Average	Average	Average	Average	11	High	11	High	11	High	11	High	11	High	11	High	11	High	11	High	11	High	11	High
North Macedonia	MKD	0.1	1.7	2.0	4.9	4.7	Low	Medium	1	1	3	1.6666666666666667	Medium	0	4	0	0	0	15	0	1	0	1	0	53	7.55	0.0	0.0	0.0	28.3	0.0	1.89	0.0	1.89	0.0	0.04	0.0	0.0	0.0	0.06	0.0	0.01	0.0	0.01	0.0	6.67	1.0	1.0	1.0	22.29	1.0	2.42	1.0	2.42	1.0	Low	Low	Low	Low	High	Low	Low	Low	Low	Low	Average	Below Average	Below Average	Below Average	Above Average	Below Average	Average	Below Average	Average	Average	6	Low	6	Low	6	Low	6	Low	10	Medium	6	Low	6	Low	6	Low	6	Low	6	Low
Oman	OMN	0.1	1.6	3.6	1.0	5.4	Low	Medium	1	2	1	1.3333333333333333	Medium	12	5	2	0	0	10	1	6	0	2	0	44	11.36	4.55	0.0	0.0	22.73	2.27	13.64	0.0	4.55	0.0	0.05	0.01	0.0	0.0	0.04	0.02	0.06	0.0	0.02	0.0	8.82	4.1	1.0	1.0	16.48	2.58	10.42	1.0	4.12	1.0	Low	Low	Low	Low	High	Low	High	Low	Medium	Low	Average	Average	Below Average	Below Average	Above Average	Average	Above Average	Below Average	Above Average	Average	6	Low	6	Low	6	Low	6	Low	10	Medium	6	Low	10	Medium	6	Low	8	Medium	6	Low
Pakistan	PAK	9.5	7.9	4.1	7.7	5.4	High	Medium	3	2	3	2.6666666666666665	High	9085	358	498	117	631	679	493	586	511	108	422	7756	4.62	6.42	1.51	8.14	8.75	6.36	7.56	6.59	1.39	5.44	3.38	3.51	3.36	4.3	2.56	8.04	6.25	6.71	1.2	6.06	94.01	129.22	35.94	174.97	153.63	181.3	190.86	173.09	23.94	138.68	High	High	High	High	High	High	High	High	Medium	High	Average	Above Average	Average	Above Average	Average	Above Average	Above Average	Above Average	Average	Above Average	11	High	11	High	11	High	11	High	11	High	11	High	11	High	11	High	11	High	11	High
Palau	PLW	0.0	2.1		0.0	5.0	Low	Medium	1	3	1	1.6666666666666667	Medium	0	0	0	0	0	0	0	0	0	0	0	1	0.0	0.0	0.0	0.0	0.0	0.0	0.0	0.0	0.0	0.0	0.0	0.0	0.0	0.0	0.0	0.0	0.0	0.0	0.0	0.0	1.0	1.0	1.0	1.0	1.0	1.0	1.0	1.0	1.0	1.0	Low	Low	Low	Low	Low	Low	Low	Low	Low	Low	Below Average	Below Average	Below Average	Below Average	Below Average	Below Average	Below Average	Below Average	Below Average	Average	6	Low	6	Low	6	Low	6	Low	6	Low	6	Low	6	Low	6	Low	6	Low	6	Low
Palestine	PSE	10.0	2.5	2.2	10.0	6.3	High	Medium	1	1	3	1.6666666666666667	Medium	48617	402	874	341	948	3438	747	601	562	207	738	46106	0.87	1.9	0.74	2.06	7.46	1.62	1.3	1.22	0.45	1.6	3.79	6.16	9.78	6.46	12.98	12.18	6.41	7.37	2.31	10.6	60.08	134.79	80.09	147.18	637.76	160.72	101.29	102.28	31.6	149.29	High	High	High	High	High	High	High	High	High	High	Below Average	Average	Average	Average	Average	Average	Average	Average	Average	Average	10	Medium	10	Medium	10	High	10	Medium	10	Medium	10	Medium	10	Medium	10	Medium	10	High	10	High
Panama	PAN	0.1	1.6	5.6	7.6	5.1	Low	Medium	1	3	3	2.333333333333333	High	18	12	13	7	24	29	9	11	15	16	10	216	5.56	6.02	3.24	11.11	13.43	4.17	5.09	6.94	7.41	4.63	0.11	0.09	0.2	0.16	0.11	0.15	0.12	0.2	0.18	0.14	9.73	10.35	6.38	18.74	21.92	7.71	9.05	12.35	12.99	8.4	Low	High	Medium	High	High	Medium	Medium	High	High	Medium	Average	Above Average	Above Average	Above Average	Above Average	Above Average	Above Average	Above Average	Above Average	Above Average	7	Low	11	High	9	Medium	11	High	11	High	9	Medium	9	Medium	11	High	11	High	9	Medium
Papua New Guinea	PNG	0.9	8.0	8.1	6.2	6.8	Low	Medium	3	3	3	3.0	High	970	28	45	6	89	67	47	45	47	65	66	804	3.48	5.6	0.75	11.07	8.33	5.85	5.6	5.85	8.08	8.21	0.26	0.32	0.17	0.61	0.25	0.77	0.48	0.62	0.72	0.95	12.79	20.02	3.79	41.82	28.16	24.12	21.2	23.08	32.11	34.69	Medium	High	Low	High	Medium	High	High	High	High	High	Average	Above Average	Average	Above Average	Average	Above Average	Above Average	Above Average	Above Average	Above Average	9	Medium	11	High	7	Medium	11	High	9	Medium	11	High	11	High	11	High	11	High	11	High
Paraguay	PRY	0.1	4.1	5.4	3.1	5.2	Low	Medium	2	2	2	2.0	Medium	110	54	29	8	30	31	21	33	31	18	22	405	13.33	7.16	1.98	7.41	7.65	5.19	8.15	7.65	4.44	5.43	0.51	0.2	0.23	0.2	0.12	0.34	0.35	0.41	0.2	0.32	34.5	17.14	5.74	17.69	17.61	13.51	20.49	19.76	11.14	13.97	High	High	Medium	High	Medium	High	High	High	High	High	Average	Above Average	Above Average	Above Average	Average	Above Average	Above Average	Above Average	Above Average	Above Average	10	Medium	10	Medium	8	Medium	10	Medium	8	Medium	10	Medium	10	Medium	10	Medium	10	High	10	High
Peru	PER	3.5	4.1	4.3	9.2	5.0	Medium	Medium	2	2	3	2.333333333333333	High	232	149	91	48	233	100	82	83	166	173	74	1602	9.3	5.68	3.0	14.54	6.24	5.12	5.18	10.36	10.8	4.62	1.41	0.64	1.38	1.59	0.38	1.34	0.89	2.18	1.93	1.06	61.02	31.75	21.6	97.05	31.77	34.48	31.32	77.67	77.56	29.47	High	High	High	High	High	High	High	High	High	High	Average	Above Average	Above Average	Above Average	Average	Above Average	Above Average	Above Average	Above Average	Above Average	11	High	11	High	11	High	11	High	11	High	11	High	11	High	11	High	11	High	11	High
Philippines	PHL	8.5	4.5	4.6	5.9	4.7	High	Medium	2	2	3	2.333333333333333	High	4990	117	60	20	76	107	50	53	45	27	51	4854	2.41	1.24	0.41	1.57	2.2	1.03	1.09	0.93	0.56	1.05	1.1	0.42	0.57	0.52	0.4	0.82	0.57	0.59	0.3	0.73	29.07	13.93	6.82	17.34	22.0	13.73	13.31	11.88	7.54	13.58	Medium	Medium	Low	Medium	Medium	Medium	Medium	Medium	Low	Medium	Average	Average	Average	Average	Average	Average	Average	Average	Average	Average	11	High	11	High	9	Medium	11	High	11	High	11	High	11	High	11	High	9	Medium	11	High
Qatar	QAT	0.1	0.5	2.8	1.7	4.1	Low	Medium	1	1	1	1.0	Low	0	2	0	0	0	3	0	0	1	0	0	15	13.33	0.0	0.0	0.0	20.0	0.0	0.0	6.67	0.0	0.0	0.02	0.0	0.0	0.0	0.01	0.0	0.0	0.01	0.0	0.0	6.62	1.0	1.0	1.0	9.21	1.0	1.0	3.94	1.0	1.0	Low	Low	Low	Low	Medium	Low	Low	Medium	Low	Low	Average	Below Average	Below Average	Below Average	Above Average	Below Average	Below Average	Above Average	Below Average	Average	5	Low	5	Low	5	Low	5	Low	7	Medium	5	Low	5	Low	7	Medium	5	Low	5	Low
Rwanda	RWA	0.3	8.0	5.0	6.5	3.8	Low	Medium	3	2	3	2.6666666666666665	High	127	9	0	0	0	10	0	1	1	0	0	141	6.38	0.0	0.0	0.0	7.09	0.0	0.71	0.71	0.0	0.0	0.08	0.0	0.0	0.0	0.04	0.0	0.01	0.01	0.0	0.0	8.93	1.0	1.0	1.0	9.62	1.0	1.86	1.86	1.0	1.0	Low	Low	Low	Low	Low	Low	Low	Low	Low	Low	Average	Below Average	Below Average	Below Average	Average	Below Average	Below Average	Average	Below Average	Average	7	Low	7	Medium	7	Medium	7	Medium	7	Medium	7	Medium	7	Medium	7	Medium	7	Medium	7	Medium
Saint Kitts and Nevis	KNA	0.0	1.2		1.3	4.1	Low	Medium	1	3	1	1.6666666666666667	Medium	0	1	0	0	0	1	0	0	0	0	0	4	25.0	0.0	0.0	0.0	25.0	0.0	0.0	0.0	0.0	0.0	0.01	0.0	0.0	0.0	0.0	0.0	0.0	0.0	0.0	0.0	7.25	1.0	1.0	1.0	7.21	1.0	1.0	1.0	1.0	1.0	Medium	Low	Low	Low	Medium	Low	Low	Low	Low	Low	Above Average	Below Average	Below Average	Below Average	Above Average	Below Average	Below Average	Below Average	Below Average	Average	8	Medium	6	Low	6	Low	6	Low	8	Medium	6	Low	6	Low	6	Low	6	Low	6	Low
Saint Lucia	LCA	0.0	3.4	4.7	0.0	5.1	Low	Medium	1	2	1	1.3333333333333333	Medium	1	4	0	0	0	0	0	0	0	1	0	15	26.67	0.0	0.0	0.0	0.0	0.0	0.0	0.0	6.67	0.0	0.04	0.0	0.0	0.0	0.0	0.0	0.0	0.0	0.01	0.0	12.0	1.0	1.0	1.0	1.0	1.0	1.0	1.0	3.94	1.0	High	Low	Low	Low	Low	Low	Low	Low	Medium	Low	Above Average	Below Average	Below Average	Below Average	Below Average	Below Average	Below Average	Below Average	Above Average	Average	10	Medium	6	Low	6	Low	6	Low	6	Low	6	Low	6	Low	6	Low	8	Medium	6	Low
Saint Vincent and the Grenadines	VCT	0.0	2.6	5.2	0.0	4.2	Low	Medium	1	2	1	1.3333333333333333	Medium	2	1	0	0	1	0	0	0	0	0	0	4	25.0	0.0	0.0	25.0	0.0	0.0	0.0	0.0	0.0	0.0	0.01	0.0	0.0	0.01	0.0	0.0	0.0	0.0	0.0	0.0	7.25	1.0	1.0	7.25	1.0	1.0	1.0	1.0	1.0	1.0	Medium	Low	Low	Medium	Low	Low	Low	Low	Low	Low	Above Average	Below Average	Below Average	Above Average	Below Average	Below Average	Below Average	Below Average	Below Average	Average	8	Medium	6	Low	6	Low	8	Medium	6	Low	6	Low	6	Low	6	Low	6	Low	6	Low
Samoa	WSM	0.0	4.6	4.4	0.0	4.5	Low	Medium	2	2	1	1.6666666666666667	Medium	0	1	0	0	0	0	0	0	0	0	0	10	10.0	0.0	0.0	0.0	0.0	0.0	0.0	0.0	0.0	0.0	0.01	0.0	0.0	0.0	0.0	0.0	0.0	0.0	0.0	0.0	4.71	1.0	1.0	1.0	1.0	1.0	1.0	1.0	1.0	1.0	Low	Low	Low	Low	Low	Low	Low	Low	Low	Low	Average	Below Average	Below Average	Below Average	Below Average	Below Average	Below Average	Below Average	Below Average	Average	6	Low	6	Low	6	Low	6	Low	6	Low	6	Low	6	Low	6	Low	6	Low	6	Low
Sao Tome and Principe	STP	0.0	6.0	5.3	0.0	6.1	Low	Medium	3	2	1	2.0	Medium	6	0	1	1	0	0	0	0	0	0	0	15	0.0	6.67	6.67	0.0	0.0	0.0	0.0	0.0	0.0	0.0	0.0	0.01	0.03	0.0	0.0	0.0	0.0	0.0	0.0	0.0	1.0	3.94	3.97	1.0	1.0	1.0	1.0	1.0	1.0	1.0	Low	Medium	Medium	Low	Low	Low	Low	Low	Low	Low	Below Average	Above Average	Above Average	Below Average	Below Average	Below Average	Below Average	Below Average	Below Average	Average	6	Low	8	Medium	8	Medium	6	Low	6	Low	6	Low	6	Low	6	Low	6	Low	6	Low
Saudi Arabia	SAU	3.2	0.5	3.1	5.0	4.3	Medium	Medium	1	1	3	1.6666666666666667	Medium	211	8	18	3	8	5	0	16	2	11	0	450	1.78	4.0	0.67	1.78	1.11	0.0	3.56	0.44	2.44	0.0	0.08	0.13	0.09	0.05	0.02	0.0	0.17	0.03	0.12	0.0	5.2	10.36	2.7	5.13	3.59	1.0	9.52	2.11	6.8	1.0	Low	Medium	Low	Low	Low	Low	Medium	Low	Low	Low	Average	Average	Average	Average	Below Average	Below Average	Above Average	Below Average	Average	Average	8	Medium	8	Medium	8	Medium	8	Medium	8	Medium	8	Medium	8	Medium	8	Medium	8	Medium	8	Medium
Senegal	SEN	0.2	8.4	4.8	3.9	5.1	Low	Medium	3	2	2	2.333333333333333	High	115	22	21	7	22	43	19	22	20	2	13	553	3.98	3.8	1.27	3.98	7.78	3.44	3.98	3.62	0.36	2.35	0.21	0.15	0.2	0.15	0.16	0.31	0.23	0.26	0.02	0.19	11.77	11.02	4.67	11.48	21.17	10.79	11.87	11.06	2.04	7.47	Medium	Medium	Low	Medium	Medium	High	High	High	Low	Low	Average	Average	Average	Average	Average	Above Average	Above Average	Above Average	Average	Average	9	Medium	9	Medium	7	Medium	9	Medium	9	Medium	11	High	11	High	11	High	7	Medium	7	Medium
Serbia	SRB	0.1	1.0	1.8	7.7	5.3	Low	Medium	1	1	3	1.6666666666666667	Medium	22	11	1	0	6	6	6	1	0	3	0	107	10.28	0.93	0.0	5.61	5.61	5.61	0.93	0.0	2.8	0.0	0.1	0.01	0.0	0.04	0.02	0.1	0.01	0.0	0.03	0.0	12.2	1.97	1.0	6.94	6.87	7.13	1.97	1.0	3.96	1.0	Medium	Low	Low	Low	Low	Medium	Low	Low	Low	Low	Average	Below Average	Below Average	Average	Average	Above Average	Average	Below Average	Average	Average	8	Medium	6	Low	6	Low	6	Low	6	Low	8	Medium	6	Low	6	Low	6	Low	6	Low
Seychelles	SYC	0.0	1.9	1.8	0.0	3.8	Low	Medium	1	1	1	1.0	Low	2	3	0	0	1	0	0	0	0	0	0	4	75.0	0.0	0.0	25.0	0.0	0.0	0.0	0.0	0.0	0.0	0.03	0.0	0.0	0.01	0.0	0.0	0.0	0.0	0.0	0.0	17.7	1.0	1.0	7.25	1.0	1.0	1.0	1.0	1.0	1.0	High	Low	Low	Medium	Low	Low	Low	Low	Low	Low	Above Average	Below Average	Below Average	Above Average	Below Average	Below Average	Below Average	Below Average	Below Average	Average	9	Medium	5	Low	5	Low	7	Medium	5	Low	5	Low	5	Low	5	Low	5	Low	5	Low
Sierra Leone	SLE	0.1	9.0	5.5	2.1	5.2	Low	Medium	3	3	1	2.333333333333333	High	91	8	8	0	10	11	8	10	8	7	8	188	4.26	4.26	0.0	5.32	5.85	4.26	5.32	4.26	3.72	4.26	0.08	0.06	0.0	0.07	0.04	0.13	0.11	0.1	0.08	0.11	7.15	7.08	1.0	8.62	9.25	7.31	8.78	7.22	6.39	7.25	Low	Low	Low	Low	Low	Medium	Medium	Medium	Medium	Medium	Average	Average	Below Average	Average	Average	Above Average	Above Average	Above Average	Above Average	Above Average	7	Low	7	Medium	7	Medium	7	Medium	7	Medium	9	Medium	9	Medium	9	Medium	9	Medium	9	Medium
Singapore	SGP	0.0	0.0	0.5	1.1	1.2	Low	Low	1	1	1	1.0	Low	0	3	0	0	0	0	4	1	0	0	0	17	17.65	0.0	0.0	0.0	0.0	23.53	5.88	0.0	0.0	0.0	0.03	0.0	0.0	0.0	0.0	0.07	0.01	0.0	0.0	0.0	8.77	1.0	1.0	1.0	1.0	11.46	3.73	1.0	1.0	1.0	Low	Low	Low	Low	Low	High	Medium	Low	Low	Low	Average	Below Average	Below Average	Below Average	Below Average	Above Average	Above Average	Below Average	Below Average	Average	4	Low	4	Low	4	Low	4	Low	4	Low	8	Medium	6	Low	4	Low	4	Low	4	Low
Solomon Islands	SLB	0.1	6.8	3.0	1.7	6.3	Low	Medium	3	1	1	1.6666666666666667	Medium	9	4	1	0	2	0	0	0	1	0	0	38	10.53	2.63	0.0	5.26	0.0	0.0	0.0	2.63	0.0	0.0	0.04	0.01	0.0	0.01	0.0	0.0	0.0	0.01	0.0	0.0	7.74	2.71	1.0	4.36	1.0	1.0	1.0	2.71	1.0	1.0	Low	Low	Low	Low	Low	Low	Low	Low	Low	Low	Average	Average	Below Average	Average	Below Average	Below Average	Below Average	Average	Below Average	Average	6	Low	6	Low	6	Low	6	Low	6	Low	6	Low	6	Low	6	Low	6	Low	6	Low
Somalia	SOM	10.0	10.0	9.0	10.0	9.0	High	High	3	3	3	3.0	High	26857	127	415	62	437	338	298	287	297	154	298	14302	0.89	2.9	0.43	3.06	2.36	2.08	2.01	2.08	1.08	2.08	1.2	2.92	1.78	2.98	1.28	4.86	3.06	3.9	1.72	4.28	23.07	79.75	15.83	84.13	50.96	73.46	59.33	67.06	29.61	69.73	Medium	High	Medium	High	High	High	High	High	Medium	High	Below Average	Average	Average	Average	Average	Average	Average	Average	Average	Average	12	High	12	High	12	High	12	High	12	High	12	High	12	High	12	High	12	High	12	High
South Africa	ZAF	3.4	4.5	7.4	5.7	4.8	Medium	Medium	2	3	3	2.6666666666666665	High	1331	321	74	237	335	227	44	445	283	95	42	4108	7.81	1.8	5.77	8.15	5.53	1.07	10.83	6.89	2.31	1.02	3.03	0.52	6.8	2.28	0.86	0.72	4.75	3.71	1.06	0.6	106.92	17.87	112.11	100.42	52.62	12.66	174.18	102.73	25.58	11.79	High	Medium	High	High	High	Medium	High	High	Medium	Medium	Average	Average	Above Average	Above Average	Average	Average	Above Average	Above Average	Average	Average	11	High	9	Medium	11	High	11	High	11	High	9	Medium	11	High	11	High	9	Medium	9	Medium
South Sudan	SSD	8.6	10.0	6.3	10.0	9.3	High	High	3	3	3	3.0	High	8767	46	936	23	77	193	44	45	46	20	41	3412	1.35	27.43	0.67	2.26	5.66	1.29	1.32	1.35	0.59	1.2	0.43	6.59	0.66	0.53	0.73	0.72	0.48	0.6	0.22	0.59	12.57	449.65	8.16	19.72	47.28	13.31	12.57	13.29	6.38	12.12	Medium	High	Low	Medium	High	Medium	Medium	Medium	Low	Medium	Below Average	Above Average	Average	Average	Average	Average	Average	Average	Average	Average	12	High	12	High	10	High	12	High	12	High	12	High	12	High	12	High	10	High	12	High
Sri Lanka	LKA	0.3	3.2	4.1	3.3	4.9	Low	Medium	1	2	2	1.6666666666666667	Medium	61	34	16	10	21	71	36	18	6	12	35	500	6.8	3.2	2.0	4.2	14.2	7.2	3.6	1.2	2.4	7.0	0.32	0.11	0.29	0.14	0.27	0.59	0.19	0.08	0.13	0.5	18.98	8.9	6.52	11.42	37.28	21.96	10.2	4.08	7.07	20.78	Medium	Low	Medium	Medium	High	High	High	Low	Low	High	Average	Average	Above Average	Average	Above Average	Above Average	Above Average	Average	Average	Above Average	8	Medium	6	Low	8	Medium	8	Medium	10	Medium	10	Medium	10	Medium	6	Low	6	Low	10	High
Sudan	SDN	10.0	8.5	4.8	10.0	6.6	High	Medium	3	2	3	2.6666666666666665	High	32310	119	440	95	175	640	70	151	140	75	67	13618	0.87	3.23	0.7	1.29	4.7	0.51	1.11	1.03	0.55	0.49	1.12	3.1	2.72	1.19	2.42	1.14	1.61	1.84	0.84	0.96	21.81	87.45	24.64	29.71	111.78	15.15	28.93	28.51	14.72	14.09	Medium	High	Medium	Medium	High	Medium	Medium	Medium	Medium	Medium	Below Average	Average	Average	Below Average	Average	Average	Average	Average	Average	Average	11	High	11	High	11	High	11	High	11	High	11	High	11	High	11	High	11	High	11	High
Suriname	SUR	0.1	4.1	4.5	3.0	6.5	Low	Medium	2	2	2	2.0	Medium	4	6	1	2	3	6	0	1	0	2	1	65	9.23	1.54	3.08	4.62	9.23	0.0	1.54	0.0	3.08	1.54	0.06	0.01	0.06	0.02	0.02	0.0	0.01	0.0	0.02	0.01	8.71	2.27	3.6	4.79	8.55	1.0	2.27	1.0	3.53	2.27	Low	Low	Medium	Low	Low	Low	Low	Low	Medium	Low	Average	Average	Above Average	Average	Average	Below Average	Average	Below Average	Above Average	Average	6	Low	6	Low	8	Medium	6	Low	6	Low	6	Low	6	Low	6	Low	8	Medium	6	Low
Syria	SYR	9.8	6.9	3.5	10.0	6.6	High	Medium	3	2	3	2.6666666666666665	High	32295	615	136	206	188	1085	38	796	57	166	41	58620	1.05	0.23	0.35	0.32	1.85	0.06	1.36	0.1	0.28	0.07	5.8	0.96	5.91	1.28	4.1	0.62	8.49	0.75	1.85	0.59	92.67	18.17	43.94	23.85	125.64	8.18	133.6	10.57	24.68	8.45	High	Medium	High	Medium	High	Low	High	Medium	Medium	Low	Below Average	Below Average	Average	Below Average	Below Average	Below Average	Average	Below Average	Average	Average	11	High	11	High	11	High	11	High	11	High	9	Medium	11	High	11	High	11	High	9	Medium
Tajikistan	TJK	0.6	4.9	3.0	3.7	6.0	Low	Medium	2	1	2	1.6666666666666667	Medium	80	7	4	2	5	4	3	3	3	0	3	79	8.86	5.06	2.53	6.33	5.06	3.8	3.8	3.8	0.0	3.8	0.07	0.03	0.06	0.03	0.02	0.05	0.03	0.04	0.0	0.04	9.19	5.59	3.35	6.73	5.56	4.49	4.45	4.47	1.0	4.47	Low	Medium	Medium	Medium	Low	Medium	Medium	Medium	Low	Medium	Average	Above Average	Above Average	Above Average	Average	Above Average	Above Average	Above Average	Below Average	Above Average	6	Low	8	Medium	8	Medium	8	Medium	6	Low	8	Medium	8	Medium	8	Medium	6	Low	8	Medium
Tanzania	TZA	0.4	8.4	5.4	6.1	4.8	Low	Medium	3	2	3	2.6666666666666665	High	175	6	13	0	11	72	7	6	9	3	6	281	2.14	4.63	0.0	3.91	25.62	2.49	2.14	3.2	1.07	2.14	0.06	0.09	0.0	0.08	0.27	0.11	0.06	0.12	0.03	0.09	4.83	9.27	1.0	7.98	49.68	5.57	4.83	6.86	2.92	4.89	Low	Low	Low	Low	High	Low	Low	Medium	Low	Low	Average	Average	Below Average	Average	Above Average	Average	Average	Above Average	Average	Average	7	Low	7	Medium	7	Medium	7	Medium	11	High	7	Medium	7	Medium	9	Medium	7	Medium	7	Medium
Thailand	THA	6.3	1.6	3.3	7.6	5.2	Medium	Medium	1	1	3	1.6666666666666667	Medium	315	30	23	26	15	88	4	14	7	10	3	1406	2.13	1.64	1.85	1.07	6.26	0.28	1.0	0.5	0.71	0.21	0.28	0.16	0.75	0.1	0.33	0.07	0.15	0.09	0.11	0.04	11.14	8.57	11.6	6.04	29.31	2.62	5.87	3.62	4.57	2.24	Medium	Low	High	Low	Medium	Low	Low	Low	Low	Low	Average	Average	Above Average	Below Average	Average	Average	Average	Average	Average	Average	8	Medium	8	Medium	10	High	8	Medium	8	Medium	8	Medium	8	Medium	8	Medium	8	Medium	8	Medium
Timor-Leste	TLS	0.1	7.8	3.2	0.0	6.2	Low	Medium	3	1	1	1.6666666666666667	Medium	4	3	0	0	0	0	0	1	0	0	0	23	13.04	0.0	0.0	0.0	0.0	0.0	4.35	0.0	0.0	0.0	0.03	0.0	0.0	0.0	0.0	0.0	0.01	0.0	0.0	0.0	7.61	1.0	1.0	1.0	1.0	1.0	3.29	1.0	1.0	1.0	Low	Low	Low	Low	Low	Low	Medium	Low	Low	Low	Average	Below Average	Below Average	Below Average	Below Average	Below Average	Above Average	Below Average	Below Average	Average	6	Low	6	Low	6	Low	6	Low	6	Low	6	Low	8	Medium	6	Low	6	Low	6	Low
Togo	TGO	6.1	7.8	5.5	5.3	7.9	Medium	High	3	3	3	3.0	High	326	16	16	0	6	13	5	5	5	0	5	186	8.6	8.6	0.0	3.23	6.99	2.69	2.69	2.69	0.0	2.69	0.15	0.11	0.0	0.04	0.05	0.08	0.05	0.07	0.0	0.07	13.7	13.46	1.0	5.55	10.84	4.89	4.82	4.87	1.0	4.87	Medium	High	Low	Low	Medium	Low	Low	Low	Low	Low	Average	Above Average	Below Average	Average	Average	Average	Average	Average	Below Average	Average	10	Medium	12	High	10	High	10	Medium	10	Medium	10	Medium	10	Medium	10	Medium	10	High	10	High
Tonga	TON	0.0	2.6	3.4	0.0	5.6	Low	Medium	1	1	1	1.0	Low	0	2	0	0	0	0	0	0	0	0	0	2	100.0	0.0	0.0	0.0	0.0	0.0	0.0	0.0	0.0	0.0	0.02	0.0	0.0	0.0	0.0	0.0	0.0	0.0	0.0	0.0	17.58	1.0	1.0	1.0	1.0	1.0	1.0	1.0	1.0	1.0	High	Low	Low	Low	Low	Low	Low	Low	Low	Low	Above Average	Below Average	Below Average	Below Average	Below Average	Below Average	Below Average	Below Average	Below Average	Average	9	Medium	5	Low	5	Low	5	Low	5	Low	5	Low	5	Low	5	Low	5	Low	5	Low
Trinidad and Tobago	TTO	0.1	1.6	3.5	6.3	5.0	Low	Medium	1	2	3	2.0	Medium	1250	23	12	32	34	456	12	11	9	53	11	1791	1.28	0.67	1.79	1.9	25.46	0.67	0.61	0.5	2.96	0.61	0.22	0.08	0.92	0.23	1.72	0.2	0.12	0.12	0.59	0.16	8.17	4.84	13.3	11.17	181.36	5.1	4.65	4.1	18.44	4.73	Low	Low	High	Medium	High	Low	Low	Low	Medium	Low	Below Average	Below Average	Above Average	Average	Above Average	Average	Below Average	Average	Average	Average	6	Low	6	Low	10	High	8	Medium	10	Medium	6	Low	6	Low	6	Low	8	Medium	6	Low
Tunisia	TUN	1.1	2.6	2.7	3.6	6.1	Low	Medium	1	1	2	1.3333333333333333	Medium	47	119	13	88	45	201	3	14	10	16	1	805	14.78	1.61	10.93	5.59	24.97	0.37	1.74	1.24	1.99	0.12	1.12	0.09	2.52	0.31	0.76	0.05	0.15	0.13	0.18	0.01	63.36	6.31	61.13	19.93	96.09	2.4	6.87	5.28	7.74	1.5	High	Low	High	Medium	High	Low	Low	Low	Low	Low	Average	Average	Above Average	Average	Above Average	Average	Average	Average	Average	Average	10	Medium	6	Low	10	High	8	Medium	10	Medium	6	Low	6	Low	6	Low	6	Low	6	Low
Turkmenistan	TKM	0.2	1.7	2.4	3.1	7.8	Low	High	1	1	2	1.3333333333333333	Medium	2	4	0	0	2	0	0	0	0	0	0	14	28.57	0.0	0.0	14.29	0.0	0.0	0.0	0.0	0.0	0.0	0.04	0.0	0.0	0.01	0.0	0.0	0.0	0.0	0.0	0.0	12.4	1.0	1.0	6.81	1.0	1.0	1.0	1.0	1.0	1.0	High	Low	Low	Medium	Low	Low	Low	Low	Low	Low	Above Average	Below Average	Below Average	Above Average	Below Average	Below Average	Below Average	Below Average	Below Average	Average	11	High	7	Medium	7	Medium	9	Medium	7	Medium	7	Medium	7	Medium	7	Medium	7	Medium	7	Medium
Tuvalu	TUV	0.0	4.2	3.5	0.0	5.6	Low	Medium	2	2	1	1.6666666666666667	Medium	0	0	0	0	0	0	0	0	0	0	0	1	0.0	0.0	0.0	0.0	0.0	0.0	0.0	0.0	0.0	0.0	0.0	0.0	0.0	0.0	0.0	0.0	0.0	0.0	0.0	0.0	1.0	1.0	1.0	1.0	1.0	1.0	1.0	1.0	1.0	1.0	Low	Low	Low	Low	Low	Low	Low	Low	Low	Low	Below Average	Below Average	Below Average	Below Average	Below Average	Below Average	Below Average	Below Average	Below Average	Average	6	Low	6	Low	6	Low	6	Low	6	Low	6	Low	6	Low	6	Low	6	Low	6	Low
Uganda	UGA	7.3	8.2	5.7	8.8	6.8	High	Medium	3	3	3	3.0	High	1729	176	386	7	201	250	148	156	148	11	142	2543	6.92	15.18	0.28	7.9	9.83	5.82	6.13	5.82	0.43	5.58	1.66	2.72	0.2	1.37	0.94	2.41	1.66	1.94	0.12	2.04	61.06	152.62	3.51	65.27	72.62	58.87	54.57	54.66	4.38	53.48	High	High	Low	High	High	High	High	High	Low	High	Average	Above Average	Average	Above Average	Average	Above Average	Above Average	Above Average	Average	Above Average	11	High	11	High	9	Medium	11	High	11	High	11	High	11	High	11	High	9	Medium	11	High
United Arab Emirates	ARE	0.1	0.0	0.4	3.1	2.5	Low	Low	1	1	2	1.3333333333333333	Medium	6	3	0	0	1	0	0	2	0	3	0	28	10.71	0.0	0.0	3.57	0.0	0.0	7.14	0.0	10.71	0.0	0.03	0.0	0.0	0.01	0.0	0.0	0.02	0.0	0.03	0.0	6.95	1.0	1.0	3.04	1.0	1.0	4.99	1.0	6.95	1.0	Low	Low	Low	Low	Low	Low	Medium	Low	Medium	Low	Average	Below Average	Below Average	Average	Below Average	Below Average	Above Average	Below Average	Above Average	Average	5	Low	5	Low	5	Low	5	Low	5	Low	5	Low	7	Medium	5	Low	7	Medium	5	Low
Uruguay	URY	0.1	1.4	3.6	6.1	3.5	Low	Medium	1	2	3	2.0	Medium	4	4	0	1	2	1	0	0	0	1	0	29	13.79	0.0	3.45	6.9	3.45	0.0	0.0	0.0	3.45	0.0	0.04	0.0	0.03	0.01	0.0	0.0	0.0	0.0	0.01	0.0	8.77	1.0	3.03	4.89	2.98	1.0	1.0	1.0	3.0	1.0	Low	Low	Medium	Medium	Low	Low	Low	Low	Medium	Low	Average	Below Average	Above Average	Above Average	Average	Below Average	Below Average	Below Average	Above Average	Average	6	Low	6	Low	8	Medium	8	Medium	6	Low	6	Low	6	Low	6	Low	8	Medium	6	Low
Uzbekistan	UZB	0.3	3.2	2.4	4.1	4.4	Low	Medium	1	1	2	1.3333333333333333	Medium	36	25	13	0	23	12	11	10	13	2	9	179	13.97	7.26	0.0	12.85	6.7	6.15	5.59	7.26	1.12	5.03	0.24	0.09	0.0	0.16	0.05	0.18	0.11	0.17	0.02	0.13	21.97	11.23	1.0	19.64	10.25	10.06	8.97	11.63	2.55	8.25	Medium	High	Low	High	Medium	High	Medium	High	Low	Medium	Average	Above Average	Below Average	Above Average	Average	Above Average	Above Average	Above Average	Average	Above Average	8	Medium	10	Medium	6	Low	10	Medium	8	Medium	10	Medium	8	Medium	10	Medium	6	Low	8	Medium
Vanuatu	VUT	0.0	5.7	1.8	0.0	5.6	Low	Medium	3	1	1	1.6666666666666667	Medium	1	0	0	0	0	0	0	0	0	1	0	8	0.0	0.0	0.0	0.0	0.0	0.0	0.0	0.0	12.5	0.0	0.0	0.0	0.0	0.0	0.0	0.0	0.0	0.0	0.01	0.0	1.0	1.0	1.0	1.0	1.0	1.0	1.0	1.0	5.22	1.0	Low	Low	Low	Low	Low	Low	Low	Low	Medium	Low	Below Average	Below Average	Below Average	Below Average	Below Average	Below Average	Below Average	Below Average	Above Average	Average	6	Low	6	Low	6	Low	6	Low	6	Low	6	Low	6	Low	6	Low	8	Medium	6	Low
Venezuela	VEN	5.1	4.0	6.9	10.0	5.6	Medium	Medium	2	3	3	2.6666666666666665	High	5323	194	65	21	165	231	33	40	75	120	39	4915	3.95	1.32	0.43	3.36	4.7	0.67	0.81	1.53	2.44	0.79	1.83	0.46	0.6	1.13	0.87	0.54	0.43	0.98	1.34	0.56	52.27	14.95	7.09	39.26	49.73	9.35	10.3	19.51	31.21	10.57	High	Medium	Low	High	High	Low	Medium	Medium	High	Medium	Average	Average	Average	Average	Average	Average	Below Average	Average	Average	Average	11	High	9	Medium	9	Medium	11	High	11	High	9	Medium	9	Medium	9	Medium	11	High	9	Medium
Viet Nam	VNM	0.1	3.4	3.9	3.6	4.8	Low	Medium	1	2	2	1.6666666666666667	Medium	15	3	3	0	2	4	4	2	2	0	4	18	16.67	16.67	0.0	11.11	22.22	22.22	11.11	11.11	0.0	22.22	0.03	0.02	0.0	0.01	0.02	0.07	0.02	0.03	0.0	0.06	8.53	8.49	1.0	6.06	10.88	11.15	6.09	6.12	1.0	11.09	Low	Medium	Low	Medium	High	High	Medium	Medium	Low	High	Average	Above Average	Below Average	Above Average	Above Average	Above Average	Above Average	Above Average	Below Average	Above Average	6	Low	8	Medium	6	Low	8	Medium	10	Medium	10	Medium	8	Medium	8	Medium	6	Low	10	High
Yemen	YEM	9.4	9.2	6.5	10.0	8.8	High	High	3	3	3	3.0	High	49427	205	486	117	506	748	376	602	415	171	479	33078	0.62	1.47	0.35	1.53	2.26	1.14	1.82	1.25	0.52	1.45	1.93	3.42	3.36	3.45	2.82	6.13	6.42	5.45	1.91	6.88	31.27	72.92	26.35	75.55	96.58	75.84	112.33	77.7	27.58	96.26	High	High	Medium	High	High	High	High	High	Medium	High	Below Average	Average	Average	Below Average	Average	Average	Average	Average	Average	Average	12	High	12	High	12	High	12	High	12	High	12	High	12	High	12	High	12	High	12	High
Zambia	ZMB	0.1	7.9	6.8	5.6	4.9	Low	Medium	3	3	3	3.0	High	87	14	1	2	7	8	1	0	2	4	1	291	4.81	0.34	0.69	2.41	2.75	0.34	0.0	0.69	1.37	0.34	0.13	0.01	0.06	0.05	0.03	0.02	0.0	0.03	0.04	0.01	9.92	1.65	2.32	5.35	5.9	1.65	1.0	2.29	3.51	1.65	Low	Low	Low	Low	Low	Low	Low	Low	Low	Low	Average	Below Average	Average	Average	Average	Average	Below Average	Average	Average	Average	7	Low	7	Medium	7	Medium	7	Medium	7	Medium	7	Medium	7	Medium	7	Medium	7	Medium	7	Medium
Zimbabwe	ZWE	0.3	7.3	6.6	4.1	5.1	Low	Medium	3	3	2	2.6666666666666665	High	127	47	10	6	23	22	10	6	6	5	7	600	7.83	1.67	1.0	3.83	3.67	1.67	1.0	1.0	0.83	1.17	0.44	0.07	0.17	0.16	0.08	0.16	0.06	0.08	0.06	0.1	24.7	5.61	4.05	11.6	10.77	5.84	3.85	3.89	3.41	4.37	Medium	Low	Low	Medium	Medium	Low	Low	Low	Low	Low	Average	Average	Average	Average	Average	Average	Average	Average	Average	Average	9	Medium	7	Medium	7	Medium	9	Medium	9	Medium	7	Medium	7	Medium	7	Medium	7	Medium	7	Medium
